Fecha_Captura,Region,URL,Nombre_Estacion,Latitud_DMS,Latitud_Decimal,Longitud_DMS,Longitud_Decimal,Altitud_msnm,Lluvia_Ayer_7am_a_7am_mm,Origen_Lluvia_ROI,Lluvia_Desde_7am_mm,Precip_Ultima_Hora_mm,Temperatura_Actual_C,Sensacion_Termica_C,OCR_ROI_Coords_Texto,OCR_ROI_Lluvia_Texto,OCR_ROI_Lluvia_Op_Texto,Ruta_Captura_Imagen,Ruta_ROI_Coords,Ruta_ROI_Lluvia,Ruta_ROI_Lluvia_Op,Estado,Fecha_Datos,Indice,OCR_Texto,Duracion_Segundos
9/27/2026 21:34,Pacifico Norte,http://www.imn.ac.cr/especial/estacionLiberia.html,Automática del Aeropuerto Daniel Oduber en Liberia,10° 35' 20" N,10.588889,85° 33' 08" O,-85.552222,78,30.4,ROI_Lluvia_Estandar,,,,,Latitud: 10035'20" N Longitud: 85033'08"” O Altitud: 78 msnm,"De 7 a.md a7amd 30,4","E De 7 a. i: a/a. 14 16 18 20 dá 30, 0)",capturas_zoom135_20260927_213408\estacion_1_full_135pct.png,capturas_zoom135_20260927_213408\estacion_1_ROI_coords.png,capturas_zoom135_20260927_213408\estacion_1_ROI_lluvia.png,capturas_zoom135_20260927_213408\estacion_1_ROI_lluvia_op.png,Éxito,9/27/2026,,,
9/27/2026 21:34,Pacifico Norte,http://www.imn.ac.cr/especial/estacionLiberia2.html,,,,,,,,,,,,,Aeroná ',A 5 son preliminares in con control de «,datos mostrados son pr (No cuentan con c,capturas_zoom135_20260927_213408\estacion_2_full_135pct.png,capturas_zoom135_20260927_213408\estacion_2_ROI_coords.png,capturas_zoom135_20260927_213408\estacion_2_ROI_lluvia.png,capturas_zoom135_20260927_213408\estacion_2_ROI_lluvia_op.png,Éxito,9/27/2026,,,
9/27/2026 21:34,Pacifico Norte,http://www.imn.ac.cr/especial/estacionLiberia25.html,Automática del Aeropuerto Daniel Oduber en Liberia,10° 35' 36" N,10.593333,85° 32' 16" O,-85.537778,82,25.6,ROI_Lluvia_Estandar,,,,,Latitud: 10035'36" N Longitud: 85032'16" O Altitud: 82 msnm,"De 7 a.md a7amd 25,6","- De 7 a. 13 a7a. 14 16 18 20 25, J",capturas_zoom135_20260927_213408\estacion_3_full_135pct.png,capturas_zoom135_20260927_213408\estacion_3_ROI_coords.png,capturas_zoom135_20260927_213408\estacion_3_ROI_lluvia.png,capturas_zoom135_20260927_213408\estacion_3_ROI_lluvia_op.png,Éxito,9/27/2026,,,
9/27/2026 21:34,Pacifico Norte,http://www.imn.ac.cr/especial/estacionAranjuez.html,"Automática de Pithaya, Puntarenas, Puntarenas",,,,,30,14,ROI_Lluvia_Estandar,,,,,Latitud: 10%03'"28.4" N Longitud: 840%48"25" O Altitud: 30 msnm,"De 7 a.md a7amd 14,0","ia De 7 a.r + | a 7 a.m O | 14 16 18 20 14,0",capturas_zoom135_20260927_213408\estacion_4_full_135pct.png,capturas_zoom135_20260927_213408\estacion_4_ROI_coords.png,capturas_zoom135_20260927_213408\estacion_4_ROI_lluvia.png,capturas_zoom135_20260927_213408\estacion_4_ROI_lluvia_op.png,Éxito,9/27/2026,,,
9/27/2026 21:34,Pacifico Norte,https://www.imn.ac.cr/especial/estacionSardinal.html,Automática de Sardinal de Carrillo en Guanacaste,,,85° 41' 45.7" O,-85.696028,65,0,ROI_Lluvia_Estandar,,,,,Latitud: 10030'"24.0" N Longitud: 85%41'45.7" O Altitud: 65 msnm,"De 7 a.md a7amd 0,0","De 7 a.n | a 7 a.m 4 16 18 20 0,0 0",capturas_zoom135_20260927_213408\estacion_5_full_135pct.png,capturas_zoom135_20260927_213408\estacion_5_ROI_coords.png,capturas_zoom135_20260927_213408\estacion_5_ROI_lluvia.png,capturas_zoom135_20260927_213408\estacion_5_ROI_lluvia_op.png,Éxito,9/27/2026,,,
9/27/2026 21:34,Pacifico Norte,https://www.imn.ac.cr/especial/estacionGuayabo.html,Automática de Guayabo en la Fortuna de Bagaces de Guanacaste,10° 42' 54.0" N,10.715,,,532,79,ROI_Lluvia_Estandar,,,,,"Latitud: 10%42'54.0"" N Longitud: 85%12'4,00"" O Altitud: 532 msnm","De 7 a.md a 7 a.m de 79,0","| De 7 a.n A | a 7 a.m ES 79,0 0",capturas_zoom135_20260927_213408\estacion_6_full_135pct.png,capturas_zoom135_20260927_213408\estacion_6_ROI_coords.png,capturas_zoom135_20260927_213408\estacion_6_ROI_lluvia.png,capturas_zoom135_20260927_213408\estacion_6_ROI_lluvia_op.png,Éxito,9/27/2026,,,
9/27/2026 21:34,Pacifico Norte,https://www.imn.ac.cr/especial/estacionPilangosta.html,Automática de Hojancha en Guanacaste,10° 1' 55.0" N,10.031944,,,374,9,ROI_Lluvia_Estandar,,,,,Latitud: 10001'55.0" N Longitud: 859%24"21.0" O Altitud: 374 msnm,"De 7 a.md a 7 a.m de 9,0","1 De 7 a.n a a 7 a.m ARES 90 o,",capturas_zoom135_20260927_213408\estacion_7_full_135pct.png,capturas_zoom135_20260927_213408\estacion_7_ROI_coords.png,capturas_zoom135_20260927_213408\estacion_7_ROI_lluvia.png,capturas_zoom135_20260927_213408\estacion_7_ROI_lluvia_op.png,Éxito,9/27/2026,,,
9/27/2026 21:34,Pacifico Norte,https://www.imn.ac.cr/especial/estacionStaMarta.html,Automática de Santa Marta de Hojancha en Guanacaste,09° 55' 47.0" N,9.929722,,,100,64.8,ROI_Lluvia_Estandar,,,,,Latitud: 09055'47.0" N Longitud: 85925'49.0" O Altitud: 100 msnm,"De 7 a.md a 7 a.m de 64,8",Y De 7 a.n » a 7 a.m A 6418 0,capturas_zoom135_20260927_213408\estacion_8_full_135pct.png,capturas_zoom135_20260927_213408\estacion_8_ROI_coords.png,capturas_zoom135_20260927_213408\estacion_8_ROI_lluvia.png,capturas_zoom135_20260927_213408\estacion_8_ROI_lluvia_op.png,Éxito,9/27/2026,,,
9/27/2026 21:34,Pacifico Norte,https://www.imn.ac.cr/especial/estacionGarza.html,Automática Barco Quebradero,09° 54' 58.0" N,9.916111,,,24,,,,,,,Latitud: 09054'58.0" N Longitud: 85936'52.0" O Altitud: 24 msnm,er E er,De 7 a.m de ayer a 7 a.m de hoy:,capturas_zoom135_20260927_213408\estacion_9_full_135pct.png,capturas_zoom135_20260927_213408\estacion_9_ROI_coords.png,capturas_zoom135_20260927_213408\estacion_9_ROI_lluvia.png,capturas_zoom135_20260927_213408\estacion_9_ROI_lluvia_op.png,Éxito,9/27/2026,,,
9/27/2026 21:34,Pacifico Norte,http://www.imn.ac.cr/especial/estacionHuacalito.html,Automática de Huacalito de Filadelfia en Carrillo Guanacaste,10° 23' 35.0" N,10.393056,,,65,47.21,ROI_Lluvia_Estandar,,,,,Latitud: 10023'35.0" N Longitud: 85924'46.0" O Altitud: 65 msnm,"De 7 amd a7amd 47,21","-h- << De 7 a.r += a /a.m A 47,2 0 ]",capturas_zoom135_20260927_213408\estacion_10_full_135pct.png,capturas_zoom135_20260927_213408\estacion_10_ROI_coords.png,capturas_zoom135_20260927_213408\estacion_10_ROI_lluvia.png,capturas_zoom135_20260927_213408\estacion_10_ROI_lluvia_op.png,Éxito,9/27/2026,,,
9/27/2026 21:34,Pacifico Norte,http://www.imn.ac.cr/especial/estacionBijagua.html,"Automática de Coopeguanacaste, Bijagua de Upala, Alajuela",10° 45' 11.40" N,10.753167,85° 3' 20.1" O,-85.055583,435,20.8,ROI_Lluvia_Estandar,,,,,Latitud: 10045'11.40" N Longitud: 85%03'20.1”" O Altitud: 435 msnm,"De 7 a.md a / a.m de 20,8",l:--M De 7 a.r E a 7 a.m | E 20€,capturas_zoom135_20260927_213408\estacion_11_full_135pct.png,capturas_zoom135_20260927_213408\estacion_11_ROI_coords.png,capturas_zoom135_20260927_213408\estacion_11_ROI_lluvia.png,capturas_zoom135_20260927_213408\estacion_11_ROI_lluvia_op.png,Éxito,9/27/2026,,,
9/27/2026 21:34,Pacifico Norte,http://www.imn.ac.cr/especial/estacionCopalchi.html,"Automática de Copalchí, La Cruz, Guanacaste",11° 12' 00.1" N,11.200028,,,58,7.6,ROI_Lluvia_Opcional,,,,,Latitud: 11012'00.1" N Longitud: 85937'6.90" O Altitud: 58 msnm,De 7 a.md a7/amd 7/0,"A De 7 a.r e : a 7 a.m | E 7,6",capturas_zoom135_20260927_213408\estacion_12_full_135pct.png,capturas_zoom135_20260927_213408\estacion_12_ROI_coords.png,capturas_zoom135_20260927_213408\estacion_12_ROI_lluvia.png,capturas_zoom135_20260927_213408\estacion_12_ROI_lluvia_op.png,Éxito,9/27/2026,,,
9/27/2026 21:34,Pacifico Norte,http://www.imn.ac.cr/especial/estacionPuraVida.html,"Automática en Dulce Nombre, Nicoya, Guanacaste",10° 5' 45.0" N,10.095833,85° 28' 42.0" O,-85.478333,180,7.8,ROI_Lluvia_Estandar,,,,,Latitud: 10%05'45.0" N Longitud: 85%28'42.0" O Altitud: 180 msnm,"De 7 a.md a7/amd 7,8","l:--M De 7 a.r E a 7 a.m | E 7,8",capturas_zoom135_20260927_213408\estacion_13_full_135pct.png,capturas_zoom135_20260927_213408\estacion_13_ROI_coords.png,capturas_zoom135_20260927_213408\estacion_13_ROI_lluvia.png,capturas_zoom135_20260927_213408\estacion_13_ROI_lluvia_op.png,Éxito,9/27/2026,,,
9/27/2026 21:34,Pacifico Norte,http://www.imn.ac.cr/especial/estacionpaloverde.html,"Automática de Palo Verde en Bagaces, Guanacaste",10° 20' 51.0" N,10.3475,85° 21' 4.00" O,-85.351111,10,21.4,ROI_Lluvia_Opcional,,,,,Latitud: 10020'51.0" N Longitud: 85%21'4.00” O Altitud: 10 msnm,De 7 a.md a 7 a.m de,"CAE De 7 a.r E a7 a.m A 21,4",capturas_zoom135_20260927_213408\estacion_14_full_135pct.png,capturas_zoom135_20260927_213408\estacion_14_ROI_coords.png,capturas_zoom135_20260927_213408\estacion_14_ROI_lluvia.png,capturas_zoom135_20260927_213408\estacion_14_ROI_lluvia_op.png,Éxito,9/27/2026,,,
9/27/2026 21:34,Pacifico Norte,http://www.imn.ac.cr/especial/estacionLaCeiba.html,"Automática de Finca la Ceiba, Nicoya, Guanacaste",10° 6' 40.9" N,10.111361,85° 19' 03.4" O,-85.317611,64,61.2,ROI_Lluvia_Estandar,,,,,Latitud: 10%06'40.9" N Longitud: 85%19'03.4" O Altitud: 64 msnm,"De 7 a.md a7amd 61,2","me De 7 a.r po a7a.m AS 61,2 o,",capturas_zoom135_20260927_213408\estacion_15_full_135pct.png,capturas_zoom135_20260927_213408\estacion_15_ROI_coords.png,capturas_zoom135_20260927_213408\estacion_15_ROI_lluvia.png,capturas_zoom135_20260927_213408\estacion_15_ROI_lluvia_op.png,Éxito,9/27/2026,,,
9/27/2026 21:34,Pacifico Norte,http://www.imn.ac.cr/especial/estacionGmastate.html,"Automática de Guayabal Mastate, Orotina, Alajuela",09° 55' 03" N,9.9175,,,185,6.6,ROI_Lluvia_Estandar,,,,,Latitud: 09055'03" N Longitud: 84935'07" O Altitud: 185 msnm,"De 7 a.md a7/amd 6,6","Mm De 7 a.r ce: a7a.m | A 6,6 O,",capturas_zoom135_20260927_213408\estacion_16_full_135pct.png,capturas_zoom135_20260927_213408\estacion_16_ROI_coords.png,capturas_zoom135_20260927_213408\estacion_16_ROI_lluvia.png,capturas_zoom135_20260927_213408\estacion_16_ROI_lluvia_op.png,Éxito,9/27/2026,,,
9/27/2026 21:34,Pacifico Norte,http://www.imn.ac.cr/especial/estacionMojica.html,"Automática de Hacienda Mojica, Bagaces, Guanacaste",10° 27' 10.0" N,10.452778,85° 9' 55.0" O,-85.165278,33,28.2,ROI_Lluvia_Estandar,,,,,Latitud: 10027'10.0" N Longitud: 85%09'55.0" O Altitud: 33 msnm,"De 7 a.md a / a.m de 28,2 |","E De 7 a.r + | a 7 a.m TA | 14 16 18 20 28,2",capturas_zoom135_20260927_213408\estacion_17_full_135pct.png,capturas_zoom135_20260927_213408\estacion_17_ROI_coords.png,capturas_zoom135_20260927_213408\estacion_17_ROI_lluvia.png,capturas_zoom135_20260927_213408\estacion_17_ROI_lluvia_op.png,Éxito,9/27/2026,,,
9/27/2026 21:34,Pacifico Norte,http://www.imn.ac.cr/especial/estacionTaboga.html,"Automática de Hacienda Taboga, Cañas, Guanacaste",10° 20' 45.0" N,10.345833,85° 10' 39.0" O,-85.1775,29,16.4,ROI_Lluvia_Estandar,,,,,Latitud: 100%20'45.0” N Longitud: 85%10'39.0" O Altitud: 29 msnm,"De 7 a.md a7amd 16,4","+ De 7 a.r == a 7a.m A 16,4 0,0 mA",capturas_zoom135_20260927_213408\estacion_18_full_135pct.png,capturas_zoom135_20260927_213408\estacion_18_ROI_coords.png,capturas_zoom135_20260927_213408\estacion_18_ROI_lluvia.png,capturas_zoom135_20260927_213408\estacion_18_ROI_lluvia_op.png,Éxito,9/27/2026,,,
9/27/2026 21:34,Pacifico Norte,https://www.imn.ac.cr/especial/estacionLaCruz.html,Automática de la Cruz de Guanacaste,11° 3' 16.5" N,11.054583,,,241,8.2,ROI_Lluvia_Estandar,,,,,Latitud: 110%03'16.5" N Longitud: 85937'59.0" O Altitud: 241 msnm,"De 7 a.md a7amd 8,2",il Y De 7 a.n E a / a.m A 82 0,capturas_zoom135_20260927_213408\estacion_19_full_135pct.png,capturas_zoom135_20260927_213408\estacion_19_ROI_coords.png,capturas_zoom135_20260927_213408\estacion_19_ROI_lluvia.png,capturas_zoom135_20260927_213408\estacion_19_ROI_lluvia_op.png,Éxito,9/27/2026,,,
9/27/2026 21:34,Pacifico Norte,http://www.imn.ac.cr/especial/estacionMangarica.html,"Automática de Mangarica, Liberia Guanacaste",10° 36' 20.0" N,10.605556,85° 27' 00.0" O,-85.45,134,138.4,ROI_Lluvia_Estandar,,,,,Latitud: 10036'20.0”" N Longitud: 85%27'00.0” O Altitud: 134 msnm,"De 7 a.m d a 7 a.m de 138,4",E De 7 a. hd a 7 a.m A 138.,capturas_zoom135_20260927_213408\estacion_20_full_135pct.png,capturas_zoom135_20260927_213408\estacion_20_ROI_coords.png,capturas_zoom135_20260927_213408\estacion_20_ROI_lluvia.png,capturas_zoom135_20260927_213408\estacion_20_ROI_lluvia_op.png,Éxito,9/27/2026,,,
9/27/2026 21:34,Pacifico Norte,http://www.imn.ac.cr/especial/estacionMaritza.html,"Automática en el Volcán Orosi;, La Cruz, Guanacaste",10° 57' 31.6" N,10.958778,85° 29' 44.7" O,-85.49575,573,39,ROI_Lluvia_Estandar,,,,,Latitud: 10057'31.6" N Longitud: 85029'44.7" O Altitud: 573 msnm,"De 7 a.md a / a.m de 39,0","eh De 7 a.r po a /a.m EE 1 14 16 18 20 39,(",capturas_zoom135_20260927_213408\estacion_21_full_135pct.png,capturas_zoom135_20260927_213408\estacion_21_ROI_coords.png,capturas_zoom135_20260927_213408\estacion_21_ROI_lluvia.png,capturas_zoom135_20260927_213408\estacion_21_ROI_lluvia_op.png,Éxito,9/27/2026,,,
9/27/2026 21:34,Pacifico Norte,http://www.imn.ac.cr/especial/estacionlaGuinea.html,"Automática de Ingenio el Viejo, Filadelfia Guanacaste",10° 25' 09" N,10.419167,,,87,0.8,ROI_Lluvia_Estandar,,,,,Latitud: 10025'09" N Longitud: 85%28'"24" O Altitud: 87 msnm,"De 7 a.m d a 7 a.m de 0,8 mM","= De 7 a.r EN a / a.m O,",capturas_zoom135_20260927_213408\estacion_22_full_135pct.png,capturas_zoom135_20260927_213408\estacion_22_ROI_coords.png,capturas_zoom135_20260927_213408\estacion_22_ROI_lluvia.png,capturas_zoom135_20260927_213408\estacion_22_ROI_lluvia_op.png,Éxito,9/27/2026,,,
9/27/2026 21:34,Pacifico Norte,http://www.imn.ac.cr/especial/estacionNicoya.html,"Automática de Nicoya, Guanacaste",10° 8' 44" N,10.145556,85° 27' 07" O,-85.451944,130,,,,,,,Latitud: 10008'44" N Longitud: 85%27'07" O Altitud: 130 msnm,er E er,De 7 a.m de ayer a 7 a.m de hoy:,capturas_zoom135_20260927_213408\estacion_23_full_135pct.png,capturas_zoom135_20260927_213408\estacion_23_ROI_coords.png,capturas_zoom135_20260927_213408\estacion_23_ROI_lluvia.png,capturas_zoom135_20260927_213408\estacion_23_ROI_lluvia_op.png,Éxito,9/27/2026,,,
9/27/2026 21:34,Pacifico Norte,http://www.imn.ac.cr/especial/estacionOroceiba.html,"Automática de Oroceiba, Orotina, Alajuela",09° 53' 48" N,9.896667,,,133,4.8,ROI_Lluvia_Estandar,,,,,Latitud: 09053'48" N Longitud: 84936'00" O Altitud: 133 msnm,"De 7 a.md a7amd 4,8","A : De 7 a.r E al M6 18 20 4, 9 0",capturas_zoom135_20260927_213408\estacion_24_full_135pct.png,capturas_zoom135_20260927_213408\estacion_24_ROI_coords.png,capturas_zoom135_20260927_213408\estacion_24_ROI_lluvia.png,capturas_zoom135_20260927_213408\estacion_24_ROI_lluvia_op.png,Éxito,9/27/2026,,,
9/27/2026 21:34,Pacifico Norte,http://www.imn.ac.cr/especial/estacionMontezuma.html,"Automática de Palo Alto, Montezuma, Cañas, Guanacaste",10° 39' 52.6" N,10.664611,85° 4' 49.5" O,-85.080417,467,,,,,,,Latitud: 10039'52.6" N Longitud: 85%04'49.5" O Altitud: 467 msnm,er E er,De 7 a.m de ayer a 7 a.m de hoy:,capturas_zoom135_20260927_213408\estacion_25_full_135pct.png,capturas_zoom135_20260927_213408\estacion_25_ROI_coords.png,capturas_zoom135_20260927_213408\estacion_25_ROI_lluvia.png,capturas_zoom135_20260927_213408\estacion_25_ROI_lluvia_op.png,Éxito,9/27/2026,,,
9/27/2026 21:34,Pacifico Norte,http://www.imn.ac.cr/especial/estacionPaquera.html,"Automática de Paquera, Puntarenas",09° 49' 17.0" N,9.821389,,,39,0.8,ROI_Lluvia_Estandar,,,,,Latitud: 09049'17.0" N Longitud: 84956'18.0" O Altitud: 39 msnm,"De 7 amd a7amd 0,8",po De 7 a.r E a 7 a.m AE 08,capturas_zoom135_20260927_213408\estacion_26_full_135pct.png,capturas_zoom135_20260927_213408\estacion_26_ROI_coords.png,capturas_zoom135_20260927_213408\estacion_26_ROI_lluvia.png,capturas_zoom135_20260927_213408\estacion_26_ROI_lluvia_op.png,Éxito,9/27/2026,,,
9/27/2026 21:34,Pacifico Norte,https://www.imn.ac.cr/especial/estacionNegritos.html,"Automática en Sitio el Aromal, Bagaces, Guanacaste",10° 23' 42.0" N,10.395,85° 19' 28.0" O,-85.324444,18,103.4,ROI_Lluvia_Estandar,,,,,Latitud: 10023'42.0" N Longitud: 85%19'28.0" O Altitud: 18 msnm,"De 7 a.md a 7 a.m de 103,4","fe De 7 a.r A a7 am ES 103, 0,0",capturas_zoom135_20260927_213408\estacion_27_full_135pct.png,capturas_zoom135_20260927_213408\estacion_27_ROI_coords.png,capturas_zoom135_20260927_213408\estacion_27_ROI_lluvia.png,capturas_zoom135_20260927_213408\estacion_27_ROI_lluvia_op.png,Éxito,9/27/2026,,,
9/27/2026 21:34,Pacifico Norte,http://www.imn.ac.cr/especial/estacionPuntarenas.html,"Automática de Puntarenas, Puntarenas",09° 58' 21" N,9.9725,84° 49' 51" O,-84.830833,3,,,,,,,Latitud: 09058'21" N Longitud: 84%49'51" O Altitud: 3 msnm,,Radiación Horaria Máxima:,capturas_zoom135_20260927_213408\estacion_28_full_135pct.png,capturas_zoom135_20260927_213408\estacion_28_ROI_coords.png,capturas_zoom135_20260927_213408\estacion_28_ROI_lluvia.png,capturas_zoom135_20260927_213408\estacion_28_ROI_lluvia_op.png,Éxito,9/27/2026,,,
9/27/2026 21:34,Pacifico Norte,https://www.imn.ac.cr/especial/estacionCipanci.html,"Automática de Refugio Nacional de Vida Silvestre Cipancí, Cañas, Guanacaste",10° 12' 43.0" N,10.211944,85° 14' 4.00" O,-85.234444,3,54.8,ROI_Lluvia_Estandar,,,,,Latitud: 10012'43.0" N Longitud: 85%14'4.00" O Altitud: 3 msnm,"De 7 a.md a / a.m de 54,8","E De 7 a.r + | a 7 a.m TA | 14 16 18 20 54 ,€",capturas_zoom135_20260927_213408\estacion_29_full_135pct.png,capturas_zoom135_20260927_213408\estacion_29_ROI_coords.png,capturas_zoom135_20260927_213408\estacion_29_ROI_lluvia.png,capturas_zoom135_20260927_213408\estacion_29_ROI_lluvia_op.png,Éxito,9/27/2026,,,
9/27/2026 21:34,Pacifico Norte,http://www.imn.ac.cr/especial/estacionPinilla.html,Automática de Hacienda Pinilla,10° 15' 36.3" N,10.260083,85° 50' 16.0" O,-85.837778,29,12.4,ROI_Lluvia_Estandar,,,,,Latitud: 10015'36.3" N Longitud: 85%50'16.0" O Altitud: 29 msnm,"De 7 a.md a7amd 12,4","- De 7 a.r he a7a.m E 14 16 18 20 12,4",capturas_zoom135_20260927_213408\estacion_30_full_135pct.png,capturas_zoom135_20260927_213408\estacion_30_ROI_coords.png,capturas_zoom135_20260927_213408\estacion_30_ROI_lluvia.png,capturas_zoom135_20260927_213408\estacion_30_ROI_lluvia_op.png,Éxito,9/27/2026,,,
9/27/2026 21:34,Pacifico Norte,http://www.imn.ac.cr/especial/estacionSanMateo.html,"Automática de San Mateo, Alajuela",09° 55' 54" N,9.931667,84° 31' 09" O,-84.519167,214,,,,,,,Latitud: 09055'54" N Longitud: 84031'09" O Altitud: 214 msnm,er E er,De 7 a.m de ayer a 7 a.m de hoy:,capturas_zoom135_20260927_213408\estacion_31_full_135pct.png,capturas_zoom135_20260927_213408\estacion_31_ROI_coords.png,capturas_zoom135_20260927_213408\estacion_31_ROI_lluvia.png,capturas_zoom135_20260927_213408\estacion_31_ROI_lluvia_op.png,Éxito,9/27/2026,,,
9/27/2026 21:34,Pacifico Norte,http://www.imn.ac.cr/especial/estacionStacecilia.html,"Automática de Santa Cecilia, La Cruz, Guanacaste",11° 4' 30.6" N,11.075167,85° 27' 12.4" O,-85.453444,314,,,,,,,Latitud: 11004'30.6" N Longitud: 85%27'12.4" O Altitud: 314 msnm,er E er,De 7 a.m de ayer a 7 a.m de hoy:,capturas_zoom135_20260927_213408\estacion_32_full_135pct.png,capturas_zoom135_20260927_213408\estacion_32_ROI_coords.png,capturas_zoom135_20260927_213408\estacion_32_ROI_lluvia.png,capturas_zoom135_20260927_213408\estacion_32_ROI_lluvia_op.png,Éxito,9/27/2026,,,
9/27/2026 21:34,Pacifico Norte,http://www.imn.ac.cr/especial/estacionStaElena.html,"Automática de Santa Elena, La Cruz, Guanacaste",10° 55' 11.9" N,10.919972,85° 36' 38.4" O,-85.610667,282,37,ROI_Lluvia_Estandar,,,,,Latitud: 10055'11.9" N Longitud: 85%36'38.4" O Altitud: 282 msnm,"De 7 a.md a7amd 37,0","edo De 7 a.r A p/ ad O A 16 18 20 22 37,€ o,",capturas_zoom135_20260927_213408\estacion_33_full_135pct.png,capturas_zoom135_20260927_213408\estacion_33_ROI_coords.png,capturas_zoom135_20260927_213408\estacion_33_ROI_lluvia.png,capturas_zoom135_20260927_213408\estacion_33_ROI_lluvia_op.png,Éxito,9/27/2026,,,
9/27/2026 21:34,Pacifico Norte,http://www.imn.ac.cr/especial/estacionNandayure.html,Automática de Santa Rita de Nandayure Guanacaste,10° 1' 08" N,10.018889,85° 15' 43" O,-85.261944,46,0,ROI_Lluvia_Estandar,,,,,Latitud: 10%01'08" N Longitud: 85%15'43" O Altitud: 46 msnm,"De 7 amd a7amd 0,0","» De 7 a.r | | a7a.m + D4 06 08 0,0 o,",capturas_zoom135_20260927_213408\estacion_34_full_135pct.png,capturas_zoom135_20260927_213408\estacion_34_ROI_coords.png,capturas_zoom135_20260927_213408\estacion_34_ROI_lluvia.png,capturas_zoom135_20260927_213408\estacion_34_ROI_lluvia_op.png,Éxito,9/27/2026,,,
9/27/2026 21:34,Pacifico Norte,http://www.imn.ac.cr/especial/estacionstarosa.html,Automática de Santa Rosa Guanacaste,,,,,301,22.8,ROI_Lluvia_Estandar,,,,,Latitud: 10050'"28.0” N Longitud: 85937'10.0" O Altitud: 301 msnm,"De 7 a.md a / a.m de 22,8 |","A De 7 a.r A a 7a.m A | 16 18 20 22,€ o,",capturas_zoom135_20260927_213408\estacion_35_full_135pct.png,capturas_zoom135_20260927_213408\estacion_35_ROI_coords.png,capturas_zoom135_20260927_213408\estacion_35_ROI_lluvia.png,capturas_zoom135_20260927_213408\estacion_35_ROI_lluvia_op.png,Éxito,9/27/2026,,,
9/27/2026 21:34,Pacifico Norte,https://www.imn.ac.cr/especial/estacionSitioLaCruz.html,"Automática en Sitio La Cruz, Bagaces, Guanacaste",10° 28' 59.0" N,10.483056,85° 24' 51.0" O,-85.414167,20,133,ROI_Lluvia_Estandar,,,,,Latitud: 10028'59.0” N Longitud: 85%24'51.0" O Altitud: 20 msnm,"De 7 a.md a 7 a.m de 133,0","Mm De 7 a.r E, a7a.m | A 133,",capturas_zoom135_20260927_213408\estacion_36_full_135pct.png,capturas_zoom135_20260927_213408\estacion_36_ROI_coords.png,capturas_zoom135_20260927_213408\estacion_36_ROI_lluvia.png,capturas_zoom135_20260927_213408\estacion_36_ROI_lluvia_op.png,Éxito,9/27/2026,,,
9/27/2026 21:34,Pacifico Norte,http://www.imn.ac.cr/especial/estacionInvenio.html,"Automática de Universidad Invenio, Cañas, Guanacaste",10° 28' 35.8" N,10.476611,85° 3' 35.2" O,-85.059778,321,86.6,ROI_Lluvia_Estandar,,,,,Latitud: 10028'35.8" N Longitud: 85%03'35.2" O Altitud: 321 msnm,"De 7 a.md a 7 a.m de 86,6","¡8 De 7 a.r E ] a 7 a.m a S80,€ o,",capturas_zoom135_20260927_213408\estacion_37_full_135pct.png,capturas_zoom135_20260927_213408\estacion_37_ROI_coords.png,capturas_zoom135_20260927_213408\estacion_37_ROI_lluvia.png,capturas_zoom135_20260927_213408\estacion_37_ROI_lluvia_op.png,Éxito,9/27/2026,,,
9/27/2026 21:34,Pacifico Norte,http://www.imn.ac.cr/especial/estacionStacruz.html,"Automática de la UCR Santa Cruz, Guanacaste",10° 17' 8.00" N,10.285556,85° 35' 30.0" O,-85.591667,41,32.2,ROI_Lluvia_Estandar,,,,,Latitud: 10%17'8.00” N Longitud: 85%35'30.0" O Altitud: 41 msnm,"De 7 a.md a 7 a.m de 32,2","E De 7 a.r a | a 7 a.m TA | 14 16 18 20 32,2",capturas_zoom135_20260927_213408\estacion_38_full_135pct.png,capturas_zoom135_20260927_213408\estacion_38_ROI_coords.png,capturas_zoom135_20260927_213408\estacion_38_ROI_lluvia.png,capturas_zoom135_20260927_213408\estacion_38_ROI_lluvia_op.png,Éxito,9/27/2026,,,
9/27/2026 21:34,Pacifico Central,http://www.imn.ac.cr/especial/estacionArunachala.html,"Automática de Arunachala, Pérez Zeledón, San José",09° 24' 35.7" N,9.409917,83° 49' 56.1" O,-83.83225,1012,,,,,,,Latitud: 09024'35.7" N Longitud: 83%49'56.1" O Altitud: 1012 msnm,er E er,De 7 a.m de ayer a 7 a.m de hoy:,capturas_zoom135_20260927_213408\estacion_39_full_135pct.png,capturas_zoom135_20260927_213408\estacion_39_ROI_coords.png,capturas_zoom135_20260927_213408\estacion_39_ROI_lluvia.png,capturas_zoom135_20260927_213408\estacion_39_ROI_lluvia_op.png,Éxito,9/27/2026,,,
9/27/2026 21:34,Pacifico Central,https://www.imn.ac.cr/especial/estacionSangabriel.html,"Automática de Asada San Gabriel, Desamparados, San José",09° 47' 01.8" N,9.783833,84° 5' 46.7" O,-84.096306,,12.4,ROI_Lluvia_Estandar,,,,,atitud: 09%47'01.8" N ongitud: 84%05'46.7" O tud: 1525 msnm,"De 7 amd a7amd 12,4","x De 7 a.r y ] a 7 a.m 12 14 16 18 20 12,4 0)",capturas_zoom135_20260927_213408\estacion_40_full_135pct.png,capturas_zoom135_20260927_213408\estacion_40_ROI_coords.png,capturas_zoom135_20260927_213408\estacion_40_ROI_lluvia.png,capturas_zoom135_20260927_213408\estacion_40_ROI_lluvia_op.png,Éxito,9/27/2026,,,
9/27/2026 21:34,Pacifico Central,http://www.imn.ac.cr/especial/estacionCM.html,Automática del Cerro Buena Vista de Pérez Zeledón,09° 33' 36" N,9.56,830° 45' 13" O,-830.753611,3400,21.2,ROI_Lluvia_Estandar,,,,,Latitud: 09033'36" N Longitud: 830%45'13" O Altitud: 3400 msnm,"De 7 amd a7amd 21,2",.de De 7 a.r ñ ] | a 7 a.m | ; 16 18 20 22 2 1 2 |,capturas_zoom135_20260927_213408\estacion_41_full_135pct.png,capturas_zoom135_20260927_213408\estacion_41_ROI_coords.png,capturas_zoom135_20260927_213408\estacion_41_ROI_lluvia.png,capturas_zoom135_20260927_213408\estacion_41_ROI_lluvia_op.png,Éxito,9/27/2026,,,
9/27/2026 21:34,Pacifico Central,http://www.imn.ac.cr/especial/estacionTarrazu.html,"Automática de El Rodeo, Tarrazú, San José",09° 40' 34.4" N,9.676222,84° 1' 06.3" O,-84.018417,1647,,,,,,,Latitud: 090%40'34.4” N Longitud: 84%01'06.3" O Altitud: 1647 msnm,er E er,De 7 a.m de ayer a 7 a.m de hoy:,capturas_zoom135_20260927_213408\estacion_42_full_135pct.png,capturas_zoom135_20260927_213408\estacion_42_ROI_coords.png,capturas_zoom135_20260927_213408\estacion_42_ROI_lluvia.png,capturas_zoom135_20260927_213408\estacion_42_ROI_lluvia_op.png,Éxito,9/27/2026,,,
9/27/2026 21:34,Pacifico Central,http://www.imn.ac.cr/especial/estacionDamas.html,"Automática de Finca Damas, Quepos, Puntarenas",09° 29' 43" N,9.495278,840° 12' 53" O,-840.214722,12,10,ROI_Lluvia_Estandar,,,,,Latitud: 09029'43" N Longitud: 840%12'53" O Altitud: 12 msnm,"De 7 a.md a7amd 10,0","EE De 7 a.r O | Ta ] 2 18 20 22 1 0,0",capturas_zoom135_20260927_213408\estacion_43_full_135pct.png,capturas_zoom135_20260927_213408\estacion_43_ROI_coords.png,capturas_zoom135_20260927_213408\estacion_43_ROI_lluvia.png,capturas_zoom135_20260927_213408\estacion_43_ROI_lluvia_op.png,Éxito,9/27/2026,,,
9/27/2026 21:34,Pacifico Central,http://www.imn.ac.cr/especial/estacionligia.html,"Automática la Ligia, Parrita, Puntarenas",09° 30' 46" N,9.512778,84° 20' 01" O,-84.333611,6,9.4,ROI_Lluvia_Estandar,,,,,Latitud: 09030'46" N Longitud: 84%20'01" O Altitud: 6 msnm,"De 7 a.md a7/amd 9,4","| De 7 a.r 1 a 7 a.m O al 127 14 16 18 20 5,4",capturas_zoom135_20260927_213408\estacion_44_full_135pct.png,capturas_zoom135_20260927_213408\estacion_44_ROI_coords.png,capturas_zoom135_20260927_213408\estacion_44_ROI_lluvia.png,capturas_zoom135_20260927_213408\estacion_44_ROI_lluvia_op.png,Éxito,9/27/2026,,,
9/27/2026 21:34,Pacifico Central,http://www.imn.ac.cr/especial/estacionLucha.html,"Automática de la Lucha, León Cortés, San José",,,84° 0' 02" O,-84.000556,1740,43,ROI_Lluvia_Estandar,,,,,Latitud: 0904412" N Longitud: 84%00'02" O Altitud: 1740 msnm,"De 7 a.md a7amd 43,0","13 De 7 a.r E : a 7 a.m A | 16 18 20 22 43,0 0,",capturas_zoom135_20260927_213408\estacion_45_full_135pct.png,capturas_zoom135_20260927_213408\estacion_45_ROI_coords.png,capturas_zoom135_20260927_213408\estacion_45_ROI_lluvia.png,capturas_zoom135_20260927_213408\estacion_45_ROI_lluvia_op.png,Éxito,9/27/2026,,,
9/27/2026 21:34,Pacifico Central,https://www.imn.ac.cr/especial/estacionquepos.html,"Automática de Marina Pez Vela, Quepos",09° 25' 34" N,9.426111,84° 10' 15" O,-84.170833,3,7.6,ROI_Lluvia_Estandar,,,,,Latitud: 09025'34" N Longitud: 84%10'15" O Altitud: 3 msnm,"De 7 amd a7amd 7,6",E ] De 7 a.r A | a 7 a.m JOMPO e 3,capturas_zoom135_20260927_213408\estacion_46_full_135pct.png,capturas_zoom135_20260927_213408\estacion_46_ROI_coords.png,capturas_zoom135_20260927_213408\estacion_46_ROI_lluvia.png,capturas_zoom135_20260927_213408\estacion_46_ROI_lluvia_op.png,Éxito,9/27/2026,,,
9/27/2026 21:34,Pacifico Central,http://www.imn.ac.cr/especial/estacionHerradura.html,"Automática de Herradura, Garabito, Puntarenas",09° 39' 0.9" N,9.65025,,,6,,,,,,,Latitud: 09039'0.9" N Longitud: 84939'59.3" O Altitud: 6 msnm,er E er,De 7 a.m de ayer a 7 a.m de hoy:,capturas_zoom135_20260927_213408\estacion_47_full_135pct.png,capturas_zoom135_20260927_213408\estacion_47_ROI_coords.png,capturas_zoom135_20260927_213408\estacion_47_ROI_lluvia.png,capturas_zoom135_20260927_213408\estacion_47_ROI_lluvia_op.png,Éxito,9/27/2026,,,
9/27/2026 21:34,Pacifico Sur,http://www.imn.ac.cr/especial/estacionAltamira.html,"Automática del Parque Nacional la Amistad, Buenos Aires, Puntarenas",09° 1' 45" N,9.029167,83° 0' 28" O,-83.007778,1370,32.6,ROI_Lluvia_Estandar,,,,,Latitud: 09001'45" N Longitud: 83%00'28" O Altitud: 1370 msnm,"De 7 a.md a7amd 32,6","-h- << De 7 a.r += a / a.m a 14 16 18 20 32,€ O,",capturas_zoom135_20260927_213408\estacion_48_full_135pct.png,capturas_zoom135_20260927_213408\estacion_48_ROI_coords.png,capturas_zoom135_20260927_213408\estacion_48_ROI_lluvia.png,capturas_zoom135_20260927_213408\estacion_48_ROI_lluvia_op.png,Éxito,9/27/2026,,,
9/27/2026 21:34,Pacifico Sur,http://www.imn.ac.cr/especial/estacionGiro.html,"Automática de Cafetalera Giro San Vito, Coto Brus, Puntarenas",08° 49' 05" N,8.818056,820° 58' 16" O,-820.971111,1011,,,,,,,Latitud: 08%49'05" N Longitud: 820%58'16" O Altitud: 1011 msnm,er E er,De 7 a.m de ayer a 7 a.m de hoy:,capturas_zoom135_20260927_213408\estacion_49_full_135pct.png,capturas_zoom135_20260927_213408\estacion_49_ROI_coords.png,capturas_zoom135_20260927_213408\estacion_49_ROI_lluvia.png,capturas_zoom135_20260927_213408\estacion_49_ROI_lluvia_op.png,Éxito,9/27/2026,,,
9/27/2026 21:34,Pacifico Sur,http://www.imn.ac.cr/especial/estacionSanVito.html,"Automática de San Vito, Coto Brus",08° 49' 58" N,8.832778,82° 57' 10" O,-82.952778,1015,49,ROI_Lluvia_Estandar,,,,,Latitud: 08%49'58" N Longitud: 82%57'10" O Altitud: 1015 msnm,"De 7 a.md a / a.m de 49,0 1","De 7 a.r 1-7 | a 7 a.m | nm. | 14 16 18 20 49 ,( 0",capturas_zoom135_20260927_213408\estacion_50_full_135pct.png,capturas_zoom135_20260927_213408\estacion_50_ROI_coords.png,capturas_zoom135_20260927_213408\estacion_50_ROI_lluvia.png,capturas_zoom135_20260927_213408\estacion_50_ROI_lluvia_op.png,Éxito,9/27/2026,,,
9/27/2026 21:34,Pacifico Sur,http://www.imn.ac.cr/especial/estacionChirripo.html,"Automática de Chirripó, Pérez Zeledón, San José",09° 27' 30.0" N,9.458333,83° 30' 29.3" O,-83.508139,3440,25.6,ROI_Lluvia_Estandar,,,,,Latitud: 09027'30.0" N Longitud: 83030'29.3" O Altitud: 3440 msnm,"De 7 a.md a7/amd 25,6","E De 7 a.r E. — a 7 a.m | | 16 18 3 25,€ 0",capturas_zoom135_20260927_213408\estacion_51_full_135pct.png,capturas_zoom135_20260927_213408\estacion_51_ROI_coords.png,capturas_zoom135_20260927_213408\estacion_51_ROI_lluvia.png,capturas_zoom135_20260927_213408\estacion_51_ROI_lluvia_op.png,Éxito,9/27/2026,,,
9/27/2026 21:34,Pacifico Sur,http://www.imn.ac.cr/especial/estacionCoto49.html,"Automática de Coto 49, Corredores, Puntarenas",08° 37' 52.3" N,8.631194,82° 58' 00.7" O,-82.966861,19,10.6,ROI_Lluvia_Estandar,,,,,Latitud: 08037'52.3" N Longitud: 82058'00.7" O Altitud: 19 msnm,"De 7 a.md a7amd 10,6","p-- De 7 a.r A 7 ; 14 16 18 20. 10,€ 0)",capturas_zoom135_20260927_213408\estacion_52_full_135pct.png,capturas_zoom135_20260927_213408\estacion_52_ROI_coords.png,capturas_zoom135_20260927_213408\estacion_52_ROI_lluvia.png,capturas_zoom135_20260927_213408\estacion_52_ROI_lluvia_op.png,Éxito,9/27/2026,,,
9/27/2026 21:34,Pacifico Sur,http://www.imn.ac.cr/especial/estacionJimenez.html,"Automática de Puerto Jiménez, Golfito, Puntarenas",08° 36' 3.5" N,8.600972,83° 25' 52.2" O,-83.431167,19,0.8,ROI_Lluvia_Estandar,,,,,Latitud: 08036'3.5”" N Longitud: 83%25'52.2" O Altitud: 19 msnm,"De 7 amd a7amd 0,8",$ De 7 a.r ho a /a.m ES 08 0,capturas_zoom135_20260927_213408\estacion_53_full_135pct.png,capturas_zoom135_20260927_213408\estacion_53_ROI_coords.png,capturas_zoom135_20260927_213408\estacion_53_ROI_lluvia.png,capturas_zoom135_20260927_213408\estacion_53_ROI_lluvia_op.png,Éxito,9/27/2026,,,
9/27/2026 21:34,Pacifico Sur,http://www.imn.ac.cr/especial/estacionNeotropica.html,"Automática de la Fundación Neotrópica, Osa",08° 42' 02.9" N,8.700806,83° 30' 51.0" O,-83.514167,66,,,,,,,Latitud: 08%42'02.9" N Longitud: 83030'51.0" O Altitud: 66 msnm,er E er,De 7 a.m de ayer a 7 a.m de hoy:,capturas_zoom135_20260927_213408\estacion_54_full_135pct.png,capturas_zoom135_20260927_213408\estacion_54_ROI_coords.png,capturas_zoom135_20260927_213408\estacion_54_ROI_lluvia.png,capturas_zoom135_20260927_213408\estacion_54_ROI_lluvia_op.png,Éxito,9/27/2026,,,
9/27/2026 21:34,Pacifico Sur,http://www.imn.ac.cr/especial/estacionCrucesOET.html,Biológica,,,,,,,,,,,,,,,capturas_zoom135_20260927_213408\estacion_55_full_135pct.png,capturas_zoom135_20260927_213408\estacion_55_ROI_coords.png,capturas_zoom135_20260927_213408\estacion_55_ROI_lluvia.png,capturas_zoom135_20260927_213408\estacion_55_ROI_lluvia_op.png,Éxito,9/27/2026,,,
9/27/2026 21:34,Pacifico Sur,https://www.imn.ac.cr/especial/estacionLasBrisas.html,"Automática de Las Brisas, Coto Brus, Puntarenas",08° 52' 38.5" N,8.877361,,,1056,0,ROI_Lluvia_Estandar,,,,,Latitud: 08052'38.5" N Longitud: 820%53'"27.6" O Altitud: 1056 msnm,"De 7 a.md a7/amd 0,0","io De 7 a.r H a 7a.m TA 10 12 14 16 0,0 0",capturas_zoom135_20260927_213408\estacion_56_full_135pct.png,capturas_zoom135_20260927_213408\estacion_56_ROI_coords.png,capturas_zoom135_20260927_213408\estacion_56_ROI_lluvia.png,capturas_zoom135_20260927_213408\estacion_56_ROI_lluvia_op.png,Éxito,9/27/2026,,,
9/27/2026 21:34,Pacifico Sur,http://www.imn.ac.cr/especial/estacionLaurel.html,"Automática de Laurel, Corredores, Puntarenas",08° 28' 17.8" N,8.471611,82° 51' 38.2" O,-82.860611,25,1.2,ROI_Lluvia_Estandar,,,,,Latitud: 08%28'17.8" N Longitud: 82051'38.2” O Altitud: 25 msnm,"De 7 a.md a7/amd 1,2",xXx De 7 a.r |... a 7 a.m A e 0 a 2 da 16 18 20 1 2 0,capturas_zoom135_20260927_213408\estacion_57_full_135pct.png,capturas_zoom135_20260927_213408\estacion_57_ROI_coords.png,capturas_zoom135_20260927_213408\estacion_57_ROI_lluvia.png,capturas_zoom135_20260927_213408\estacion_57_ROI_lluvia_op.png,Éxito,9/27/2026,,,
9/27/2026 21:34,Pacifico Sur,http://www.imn.ac.cr/especial/estacionMontecarlo.html,"Automática de Montecarlo, Pérez Zeledón, San José",09° 21' 29.3" N,9.358139,,,975,68.6,ROI_Lluvia_Estandar,,,,,Latitud: 09021'29.3" N Longitud: 83036'D3.8" O Altitud: 975 msnm,"De 7 a.md a / a.m de 68,6 |","3 De 7 a.r E a /a.m A 2 14 16 18 68,€",capturas_zoom135_20260927_213408\estacion_58_full_135pct.png,capturas_zoom135_20260927_213408\estacion_58_ROI_coords.png,capturas_zoom135_20260927_213408\estacion_58_ROI_lluvia.png,capturas_zoom135_20260927_213408\estacion_58_ROI_lluvia_op.png,Éxito,9/27/2026,,,
9/27/2026 21:34,Pacifico Sur,http://www.imn.ac.cr/especial/estacionMuseo.html,"Automática de Museo Las Esferas, Sierpe de Osa, Puntarenas",08° 54' 38.3" N,8.910639,83° 28' 45.6" O,-83.479333,9,48.41,ROI_Lluvia_Estandar,,,,,Latitud: 08%54'38.3" N Longitud: 83028'45.6" O Altitud: 9 msnm,"De 7 a.md a / a.m de 48,41","Er-- De 7 a.r 0: a 7/a.m AS | 48,4",capturas_zoom135_20260927_213408\estacion_59_full_135pct.png,capturas_zoom135_20260927_213408\estacion_59_ROI_coords.png,capturas_zoom135_20260927_213408\estacion_59_ROI_lluvia.png,capturas_zoom135_20260927_213408\estacion_59_ROI_lluvia_op.png,Éxito,9/27/2026,,,
9/27/2026 21:34,Pacifico Sur,http://www.imn.ac.cr/especial/estacionPindeco.html,"Automática de Pindeco, Buenos Aires, Puntarenas",09° 8' 46.4" N,9.146222,83° 20' 06.0" O,-83.335,386,43.4,ROI_Lluvia_Estandar,,,,,Latitud: 09%08'46.4" N Longitud: 83%20'06.0" O Altitud: 386 msnm,"De 7 a.md a7amd 43,4","o De 7 a.r ajo a7a.m 5 € 16 18 20 22 43,4 o,",capturas_zoom135_20260927_213408\estacion_60_full_135pct.png,capturas_zoom135_20260927_213408\estacion_60_ROI_coords.png,capturas_zoom135_20260927_213408\estacion_60_ROI_lluvia.png,capturas_zoom135_20260927_213408\estacion_60_ROI_lluvia_op.png,Éxito,9/27/2026,,,
9/27/2026 21:34,Pacifico Sur,http://www.imn.ac.cr/especial/estacionGreggund.html,"Automática de Greg Gund, Golfito, Puntarenas",08° 24' 40.4" N,8.411222,830° 19' 13.6" O,-830.320444,235,,,,,,,Latitud: 08%24'40.4" N Longitud: 830%19'13.6" O Altitud: 235 msnm,er E er,De 7 a.m de ayer a 7 a.m de hoy:,capturas_zoom135_20260927_213408\estacion_61_full_135pct.png,capturas_zoom135_20260927_213408\estacion_61_ROI_coords.png,capturas_zoom135_20260927_213408\estacion_61_ROI_lluvia.png,capturas_zoom135_20260927_213408\estacion_61_ROI_lluvia_op.png,Éxito,9/27/2026,,,
9/27/2026 21:34,Pacifico Sur,https://www.imn.ac.cr/especial/estacionRioclaro.html,"Automática de Río Claro, Golfito, Puntarenas",08° 40' 26.6" N,8.674056,83° 3' 43.4" O,-83.062056,31,8.8,ROI_Lluvia_Estandar,,,,,Latitud: 08%40'26.6" N Longitud: 83%03'43.4” O Altitud: 31 msnm,"De 7 a.md a 7 a.m de 8,8 M","= De 7 a.r bo a 7 a.m ' A A, 2 a 16 18 20 3 + 3 0",capturas_zoom135_20260927_213408\estacion_62_full_135pct.png,capturas_zoom135_20260927_213408\estacion_62_ROI_coords.png,capturas_zoom135_20260927_213408\estacion_62_ROI_lluvia.png,capturas_zoom135_20260927_213408\estacion_62_ROI_lluvia_op.png,Éxito,9/27/2026,,,
9/27/2026 21:34,Zona Norte,http://www.imn.ac.cr/especial/estacionfortuna.html,Automática de ADIFORT en la Fortuna de San Carlos,,,,,266,18.2,ROI_Lluvia_Estandar,,,,,Latitud: 10028'03... Longi... 84038'49... Altitud: 266 msnm,"De / a.M ¡17amd 18,2.","De / a E — — A Ñ 16 18 20 18,. ),",capturas_zoom135_20260927_213408\estacion_63_full_135pct.png,capturas_zoom135_20260927_213408\estacion_63_ROI_coords.png,capturas_zoom135_20260927_213408\estacion_63_ROI_lluvia.png,capturas_zoom135_20260927_213408\estacion_63_ROI_lluvia_op.png,Éxito,9/27/2026,,,
9/27/2026 21:34,Zona Norte,http://www.imn.ac.cr/especial/estacionAeropzn.html,"Automática de Aeródromo Zona Norte, San Carlos, Alajuela",10° 29' 34.8" N,10.493,84° 25' 16.3" O,-84.421194,76,54,ROI_Lluvia_Estandar,,,,,Latitud: 10%29'34.8" N Longitud: 84%25'16.3" O Altitud: 76 msnm,"De 7 a.md a7a.md 54,0","+= De 7 a.r o a 7 a.m f MO __ A 2 da 16 18 20 54,0 o,",capturas_zoom135_20260927_213408\estacion_64_full_135pct.png,capturas_zoom135_20260927_213408\estacion_64_ROI_coords.png,capturas_zoom135_20260927_213408\estacion_64_ROI_lluvia.png,capturas_zoom135_20260927_213408\estacion_64_ROI_lluvia_op.png,Éxito,9/27/2026,,,
9/27/2026 21:34,Zona Norte,https://www.imn.ac.cr/especial/estacionGuatuso.html,Automática San Rafael de Guatuso de Alajuela,10° 41' 10.0" N,10.686111,84° 54' 37.0" O,-84.910278,160,30,ROI_Lluvia_Estandar,,,,,Latitud: 100%41'10.0" N Longitud: 84054'37.0” O Altitud: 160 msnm,"De 7 a.md a7amd 30,0 |","e De 7 a.n E P/N AS 30,0 0",capturas_zoom135_20260927_213408\estacion_65_full_135pct.png,capturas_zoom135_20260927_213408\estacion_65_ROI_coords.png,capturas_zoom135_20260927_213408\estacion_65_ROI_lluvia.png,capturas_zoom135_20260927_213408\estacion_65_ROI_lluvia_op.png,Éxito,9/27/2026,,,
9/27/2026 21:34,Zona Norte,http://www.imn.ac.cr/especial/estacionBalsa.html,"Automática de Balsa, San Ramón, Alajuela",10° 10' 28" N,10.174444,84° 29' 49" O,-84.496944,1113,,,,,,,Latitud: 10010'28" N Longitud: 84%29'49" O Altitud: 1113 msnm,De 7 a.md a / a.m de,"Ñ De 7 a.r L a /a.m —— 78,€ 5",capturas_zoom135_20260927_213408\estacion_66_full_135pct.png,capturas_zoom135_20260927_213408\estacion_66_ROI_coords.png,capturas_zoom135_20260927_213408\estacion_66_ROI_lluvia.png,capturas_zoom135_20260927_213408\estacion_66_ROI_lluvia_op.png,Éxito,9/27/2026,,,
9/27/2026 21:34,Zona Norte,http://www.imn.ac.cr/especial/estacionBetania.html,"Automática de Betania, Cutris, San Carlos, Alajuela",10° 38' 40.1" N,10.644472,84° 22' 55.5" O,-84.382083,89,99.2,ROI_Lluvia_Estandar,,,,,Latitud: 10038'40.1" N Longitud: 84022'55.5" O Altitud: 89 msnm,"De 7 a.md a7/amd 99,2 |",yr De 7 a.r e a 7 a.m | ES 942,capturas_zoom135_20260927_213408\estacion_67_full_135pct.png,capturas_zoom135_20260927_213408\estacion_67_ROI_coords.png,capturas_zoom135_20260927_213408\estacion_67_ROI_lluvia.png,capturas_zoom135_20260927_213408\estacion_67_ROI_lluvia_op.png,Éxito,9/27/2026,,,
9/27/2026 21:34,Zona Norte,http://www.imn.ac.cr/especial/estacionSarapiqui.html,"Automática de Comando Sarapiquí, Sarapiquí, Heredia",10° 26' 42.5" N,10.445139,84° 0' 18.2" O,-84.005056,48,107.8,ROI_Lluvia_Estandar,,,,,Latitud: 10026'42.5" N Longitud: 84%00'18.2" O Altitud: 48 msnm,"De 7 a.m d a 7 a.m de 107,8 1","A a 7 a.m SO | 14 16 18 20 107, 2",capturas_zoom135_20260927_213408\estacion_68_full_135pct.png,capturas_zoom135_20260927_213408\estacion_68_ROI_coords.png,capturas_zoom135_20260927_213408\estacion_68_ROI_lluvia.png,capturas_zoom135_20260927_213408\estacion_68_ROI_lluvia_op.png,Éxito,9/27/2026,,,
9/27/2026 21:34,Zona Norte,http://www.imn.ac.cr/especial/estacionTirimbina.html,"Automática de El Bosque, Río Tirimbina, La Virgen de Sarapiquí, Heredia",10° 25' 2.00" N,10.417222,84° 7' 31.3" O,-84.125361,200,,,,,,,Latitud: 10025'2.00" N Longitud: 84%07'31.3" O Altitud: 200 msnm,er E er,De 7 a.m de ayer a 7 a.m de hoy:,capturas_zoom135_20260927_213408\estacion_69_full_135pct.png,capturas_zoom135_20260927_213408\estacion_69_ROI_coords.png,capturas_zoom135_20260927_213408\estacion_69_ROI_lluvia.png,capturas_zoom135_20260927_213408\estacion_69_ROI_lluvia_op.png,Éxito,9/27/2026,,,
9/27/2026 21:34,Zona Norte,http://www.imn.ac.cr/especial/estacionBrasilia.html,"Automática de Finca Brasilia del Oro, Upala, Alajuela",10° 58' 59.7" N,10.98325,85° 20' 50.0" O,-85.347222,381,41.4,ROI_Lluvia_Estandar,,,,,Latitud: 10058'59.7" N Longitud: 85%20'50.0" O Altitud: 381 msnm,"De 7 amd a7amd 41,4","E De 7 a.r te a /a.m EIA 2 16 18 20 4 1 ¡4 0,0 AA",capturas_zoom135_20260927_213408\estacion_70_full_135pct.png,capturas_zoom135_20260927_213408\estacion_70_ROI_coords.png,capturas_zoom135_20260927_213408\estacion_70_ROI_lluvia.png,capturas_zoom135_20260927_213408\estacion_70_ROI_lluvia_op.png,Éxito,9/27/2026,,,
9/27/2026 21:34,Zona Norte,http://www.imn.ac.cr/especial/estacionHidroelectrica.html,"Automática Hidroeléctrica El General, Horquetas de Sarapiquí, Heredia",10° 12' 13.1" N,10.203639,83° 55' 59.4" O,-83.933167,483,71,ROI_Lluvia_Estandar,,,,,Latitud: 10012'13.1" N Longitud: 83055'59.4” O Altitud: 483 msnm,"De 7 amd a7amd 71,0",mp De 7 a.r 3 ' a7 am ] 2 18 o / 1 f C,capturas_zoom135_20260927_213408\estacion_71_full_135pct.png,capturas_zoom135_20260927_213408\estacion_71_ROI_coords.png,capturas_zoom135_20260927_213408\estacion_71_ROI_lluvia.png,capturas_zoom135_20260927_213408\estacion_71_ROI_lluvia_op.png,Éxito,9/27/2026,,,
9/27/2026 21:34,Zona Norte,http://www.imn.ac.cr/especial/estacionHorquetas.html,"Automática de Horquetas de Sarapiquí, Heredia",10° 18' 33.7" N,10.309361,83° 56' 46.6" O,-83.946278,121,,,,,,,Latitud: 10018'33.7" N Longitud: 83056'46.6" O Altitud: 121 msnm,er E er,De 7 a.m de ayer a 7 a.m de hoy:,capturas_zoom135_20260927_213408\estacion_72_full_135pct.png,capturas_zoom135_20260927_213408\estacion_72_ROI_coords.png,capturas_zoom135_20260927_213408\estacion_72_ROI_lluvia.png,capturas_zoom135_20260927_213408\estacion_72_ROI_lluvia_op.png,Éxito,9/27/2026,,,
9/27/2026 21:34,Zona Norte,http://www.imn.ac.cr/especial/estacionPozoazul.html,"Automática de Hotel Pozo Azul, Sarapiquí, Heredia",10° 23' 8.90" N,10.385806,,,208,,,,,,,Latitud: 10023'8.90" N Longitud: 84%08"22.4" O Altitud: 208 msnm,er E er,De 7 a.m de ayer a 7 a.m de hoy:,capturas_zoom135_20260927_213408\estacion_73_full_135pct.png,capturas_zoom135_20260927_213408\estacion_73_ROI_coords.png,capturas_zoom135_20260927_213408\estacion_73_ROI_lluvia.png,capturas_zoom135_20260927_213408\estacion_73_ROI_lluvia_op.png,Éxito,9/27/2026,,,
9/27/2026 21:34,Zona Norte,http://www.imn.ac.cr/especial/estacionVblanca.html,"Automática de Hotel Villa Blanca, San Ramón, Alajuela",10° 12' 10" N,10.202778,84° 29' 02" O,-84.483889,,50.4,ROI_Lluvia_Estandar,,,,,Latitud: 10012'10" N Longitud: 84%29'02” O Altitud: — 1125 msnm,"De 7 a.md a7/amd 50,4","Y De 7 a.r 4 a ?/a.m A 2014 16 18 20 50,4",capturas_zoom135_20260927_213408\estacion_74_full_135pct.png,capturas_zoom135_20260927_213408\estacion_74_ROI_coords.png,capturas_zoom135_20260927_213408\estacion_74_ROI_lluvia.png,capturas_zoom135_20260927_213408\estacion_74_ROI_lluvia_op.png,Éxito,9/27/2026,,,
9/27/2026 21:34,Zona Norte,http://www.imn.ac.cr/especial/estacionStaClara.html,"Automática del TEC, Sede Santa Clara, San Carlos, Alajuela",10° 21' 38.2" N,10.360611,,,167,47.61,ROI_Lluvia_Estandar,,,,,Latitud: 10021'38.2” N Longitud: 84930'48.4" O Altitud: 167 msnm,De 7 a.md a7amd 47.61,"A De 7 a.r sm a 7a.m h: A | e 47,€",capturas_zoom135_20260927_213408\estacion_75_full_135pct.png,capturas_zoom135_20260927_213408\estacion_75_ROI_coords.png,capturas_zoom135_20260927_213408\estacion_75_ROI_lluvia.png,capturas_zoom135_20260927_213408\estacion_75_ROI_lluvia_op.png,Éxito,9/27/2026,,,
9/27/2026 21:34,Zona Norte,http://www.imn.ac.cr/especial/estacionRebusca.html,"Automática Finca la Rebusca, Puerto Viejo, Heredia",10° 28' 28.3" N,10.474528,84° 0' 32.8" O,-84.009111,40,113.4,ROI_Lluvia_Estandar,,,,,Latitud: 10028'28.3" N Longitud: 84%00'32.8" O Altitud: 40 msnm,"De 7 a.md a 7 a.m de 113,4 1","mM De 7 a.r ho | a7a.m ¡1 | 14 16 18 20 1 13, 4 |",capturas_zoom135_20260927_213408\estacion_76_full_135pct.png,capturas_zoom135_20260927_213408\estacion_76_ROI_coords.png,capturas_zoom135_20260927_213408\estacion_76_ROI_lluvia.png,capturas_zoom135_20260927_213408\estacion_76_ROI_lluvia_op.png,Éxito,9/27/2026,,,
9/27/2026 21:34,Zona Norte,http://www.imn.ac.cr/especial/estacionSelvaOET.html,Biológica,,,,,,,,,,,,,,,capturas_zoom135_20260927_213408\estacion_77_full_135pct.png,capturas_zoom135_20260927_213408\estacion_77_ROI_coords.png,capturas_zoom135_20260927_213408\estacion_77_ROI_lluvia.png,capturas_zoom135_20260927_213408\estacion_77_ROI_lluvia_op.png,Éxito,9/27/2026,,,
9/27/2026 21:34,Zona Norte,http://www.imn.ac.cr/especial/estacionDelicias.html,"Automática Las Delicias en San Carlos, Alajuela",10° 26' 39.0" N,10.444167,84° 18' 54.0" O,-84.315,140,32,ROI_Lluvia_Estandar,,,,,Latitud: 10%26'39.0" N Longitud: 84%18'54.0" O Altitud: 140 msnm,"De 7 a.md a7/amd 32,0","E-4 De 7 a.r Y a / a.m A. Ol 14 16 18 20 32, 0",capturas_zoom135_20260927_213408\estacion_79_full_135pct.png,capturas_zoom135_20260927_213408\estacion_79_ROI_coords.png,capturas_zoom135_20260927_213408\estacion_79_ROI_lluvia.png,capturas_zoom135_20260927_213408\estacion_79_ROI_lluvia_op.png,Éxito,9/27/2026,,,
9/27/2026 21:34,Zona Norte,http://www.imn.ac.cr/especial/estacionChiles.html,Automática de los Chiles de Alajuela,11° 1' 53.8" N,11.031611,84° 42' 41.5" O,-84.711528,40,29.2,ROI_Lluvia_Estandar,,,,,Latitud: 11001'53.8" N Longitud: 84%42'41.5" O Altitud: 40 msnm,"De 7a.md a7a.md 29,2",A De 7a.r Ed a7 a. 2912,capturas_zoom135_20260927_213408\estacion_80_full_135pct.png,capturas_zoom135_20260927_213408\estacion_80_ROI_coords.png,capturas_zoom135_20260927_213408\estacion_80_ROI_lluvia.png,capturas_zoom135_20260927_213408\estacion_80_ROI_lluvia_op.png,Éxito,9/27/2026,,,
9/27/2026 21:34,Zona Norte,http://www.imn.ac.cr/especial/estacionMsagrada.html,"Automática Reserva Natural Montaña Sagrada, San Carlos, Alajuela",,,849° 21' 21.5" O,-849.355972,2035,,,,,,,Latitud: 10015'"27.6" N Longitud: 849%21'21.5" O Altitud: 2035 msnm,Lluvia Desd,la última hora:,capturas_zoom135_20260927_213408\estacion_81_full_135pct.png,capturas_zoom135_20260927_213408\estacion_81_ROI_coords.png,capturas_zoom135_20260927_213408\estacion_81_ROI_lluvia.png,capturas_zoom135_20260927_213408\estacion_81_ROI_lluvia_op.png,Éxito,9/27/2026,,,
9/27/2026 21:34,Zona Norte,https://www.imn.ac.cr/especial/estacionCanalete.html,"Automática de Canalete de Upala, Alajuela",,,,,,,,,,,,"N O Y ' > / . a Ds | Esta - '% s J : : A ' o 5, K ¡e dl ad Fis AS AY a P, y TE ta ma * Er. pa, He: 2",liza desde la parte Me A,ec A : La lectura se realiza des a e o,capturas_zoom135_20260927_213408\estacion_82_full_135pct.png,capturas_zoom135_20260927_213408\estacion_82_ROI_coords.png,capturas_zoom135_20260927_213408\estacion_82_ROI_lluvia.png,capturas_zoom135_20260927_213408\estacion_82_ROI_lluvia_op.png,Éxito,9/27/2026,,,
9/27/2026 21:34,Zona Norte,http://www.imn.ac.cr/especial/estacionSanGerardo.html,"Automática San Gerardo, La Virgen de Sarapiquí, Heredia",10° 24' 57.4" N,10.415944,84° 9' 29.1" O,-84.158083,178,,,,,,,Latitud: 10024'57.4" N Longitud: 84%09'29.1" O Altitud: 178 msnm,er E er,De 7 a.m de ayer a 7 a.m de hoy:,capturas_zoom135_20260927_213408\estacion_83_full_135pct.png,capturas_zoom135_20260927_213408\estacion_83_ROI_coords.png,capturas_zoom135_20260927_213408\estacion_83_ROI_lluvia.png,capturas_zoom135_20260927_213408\estacion_83_ROI_lluvia_op.png,Éxito,9/27/2026,,,
9/27/2026 21:34,Zona Norte,http://www.imn.ac.cr/especial/estacionSanVicente.html,"Automática de San Vicente, Ciudad Quesada, Alajuela",10° 16' 47.0" N,10.279722,,,1431,,,,,,,Latitud: 10016'47.0” N Longitud: 84923'40.0" O Altitud: 1431 msnm,er E er,De 7 a.m de ayer a 7 a.m de hoy:,capturas_zoom135_20260927_213408\estacion_84_full_135pct.png,capturas_zoom135_20260927_213408\estacion_84_ROI_coords.png,capturas_zoom135_20260927_213408\estacion_84_ROI_lluvia.png,capturas_zoom135_20260927_213408\estacion_84_ROI_lluvia_op.png,Éxito,9/27/2026,,,
9/27/2026 21:34,Zona Norte,http://www.imn.ac.cr/especial/estacionupala.html,"Automática de Upala, Alajuela",10° 52' 51.0" N,10.880833,,,60,34.4,ROI_Lluvia_Estandar,,,,,Latitud: 10052'51.0" N Longitud: 85%04"21.0" O Altitud: 60 msnm,"De 7 a.md a 7 a.m de 34,4","EN De 7 a.r E a7 a.m A 34,4 0)!",capturas_zoom135_20260927_213408\estacion_85_full_135pct.png,capturas_zoom135_20260927_213408\estacion_85_ROI_coords.png,capturas_zoom135_20260927_213408\estacion_85_ROI_lluvia.png,capturas_zoom135_20260927_213408\estacion_85_ROI_lluvia_op.png,Éxito,9/27/2026,,,
9/27/2026 21:34,Zona Norte,http://www.imn.ac.cr/especial/estacionTenorio.html,"Automática de Volcán Tenorio, Guatuso, Alajuela",10° 42' 56" N,10.715556,84° 59' 13" O,-84.986944,680,12,ROI_Lluvia_Estandar,,,,,Latitud: 10042'56" N Longitud: 84059'13" O Altitud: 680 msnm,"De 7 a.md a7amd 12,0","l:--M De 7 a.r che | a 7a.m | e 12,0",capturas_zoom135_20260927_213408\estacion_86_full_135pct.png,capturas_zoom135_20260927_213408\estacion_86_ROI_coords.png,capturas_zoom135_20260927_213408\estacion_86_ROI_lluvia.png,capturas_zoom135_20260927_213408\estacion_86_ROI_lluvia_op.png,Éxito,9/27/2026,,,
9/27/2026 21:34,Valle Central,http://www.imn.ac.cr/especial/estacioncoco.html,Automática del Tiempo Aeropuerto Juan Santamaría,09° 59' 21.0" N,9.989167,84° 13' 6.00" O,-84.218333,897,39,ROI_Lluvia_Estandar,,,,,Latitud: 09059'21.0" N Longitud: 84%13'6.00" O Altitud: 897 msnm,"De 7 a.md a7amd 39,0","io pe 78 Y ' a?7a. Y 14 16 18 20 39, 0",capturas_zoom135_20260927_213408\estacion_87_full_135pct.png,capturas_zoom135_20260927_213408\estacion_87_ROI_coords.png,capturas_zoom135_20260927_213408\estacion_87_ROI_lluvia.png,capturas_zoom135_20260927_213408\estacion_87_ROI_lluvia_op.png,Éxito,9/27/2026,,,
9/27/2026 21:34,Valle Central,http://www.imn.ac.cr/especial/estacioncocoqnh07.html,,,,,,,,,,,,,Aeroná,A 5 son preliminares in con control de «,datos mostrados son pr (No cuentan con c,capturas_zoom135_20260927_213408\estacion_88_full_135pct.png,capturas_zoom135_20260927_213408\estacion_88_ROI_coords.png,capturas_zoom135_20260927_213408\estacion_88_ROI_lluvia.png,capturas_zoom135_20260927_213408\estacion_88_ROI_lluvia_op.png,Éxito,9/27/2026,,,
9/27/2026 21:34,Valle Central,http://www.imn.ac.cr/especial/estacioncoco25.html,Automática del Aeropuerto Juan Santamaría,09° 59' 43.0" N,9.995278,,,917,45.8,ROI_Lluvia_Estandar,,,,,Latitud: 09059'43.0" N Longitud: 84%12"7.00" O Altitud: 917 msnm,"De 7 a.md a7amd 45,8","> De 7a. 1: y a?7a. A ¡ 14 16 18 20 45, )",capturas_zoom135_20260927_213408\estacion_89_full_135pct.png,capturas_zoom135_20260927_213408\estacion_89_ROI_coords.png,capturas_zoom135_20260927_213408\estacion_89_ROI_lluvia.png,capturas_zoom135_20260927_213408\estacion_89_ROI_lluvia_op.png,Éxito,9/27/2026,,,
9/27/2026 21:34,Valle Central,http://www.imn.ac.cr/especial/estacioncocoqnh25.html,,,,,,,,,,,,,Aeroná,A 5 son preliminares in con control de «,datos mostrados son pr (No cuentan con c,capturas_zoom135_20260927_213408\estacion_90_full_135pct.png,capturas_zoom135_20260927_213408\estacion_90_ROI_coords.png,capturas_zoom135_20260927_213408\estacion_90_ROI_lluvia.png,capturas_zoom135_20260927_213408\estacion_90_ROI_lluvia_op.png,Éxito,9/27/2026,,,
9/27/2026 21:34,Valle Central,http://www.imn.ac.cr/especial/estacioncocomp.html,,,,,,,,,,,,,"Latitud: 09059'27"" Longitud: 84012'52"" Altitud: 900 msnr Velncidad Actu,",5 son preliminares in con control de «,datos mostrados son pr (No cuentan con c,capturas_zoom135_20260927_213408\estacion_91_full_135pct.png,capturas_zoom135_20260927_213408\estacion_91_ROI_coords.png,capturas_zoom135_20260927_213408\estacion_91_ROI_lluvia.png,capturas_zoom135_20260927_213408\estacion_91_ROI_lluvia_op.png,Éxito,9/27/2026,,,
9/27/2026 21:34,Valle Central,http://www.imn.ac.cr/especial/estacionAitbp09.html,Automática del Aeropuerto Tobías Bolaños en Pavas Oeste 09,09° 57' 26.3" N,9.957306,84° 8' 51.6" O,-84.147667,997,22.4,ROI_Lluvia_Estandar,,,,,Latitud: 09057'26.3" N Longitud: 84%08'51.6" O Altitud: 997 msnm,"De 7 a.md a7/amd 22,4",E De 7 a. EA al. a / a.m E 224 0,capturas_zoom135_20260927_213408\estacion_92_full_135pct.png,capturas_zoom135_20260927_213408\estacion_92_ROI_coords.png,capturas_zoom135_20260927_213408\estacion_92_ROI_lluvia.png,capturas_zoom135_20260927_213408\estacion_92_ROI_lluvia_op.png,Éxito,9/27/2026,,,
9/27/2026 21:34,Valle Central,http://www.imn.ac.cr/especial/estacionAitbp09qnh.html,,,,,,,,,,,,,Aeronáu Y.,A 5 son preliminares in con control de «,datos mostrados son pr (No cuentan con c,capturas_zoom135_20260927_213408\estacion_93_full_135pct.png,capturas_zoom135_20260927_213408\estacion_93_ROI_coords.png,capturas_zoom135_20260927_213408\estacion_93_ROI_lluvia.png,capturas_zoom135_20260927_213408\estacion_93_ROI_lluvia_op.png,Éxito,9/27/2026,,,
9/27/2026 21:34,Valle Central,http://www.imn.ac.cr/especial/estacionPavas.html,Automática del Aeropuerto Tobías Bolaños en Pavas,,,,,,,,,,,,2,,,capturas_zoom135_20260927_213408\estacion_94_full_135pct.png,capturas_zoom135_20260927_213408\estacion_94_ROI_coords.png,capturas_zoom135_20260927_213408\estacion_94_ROI_lluvia.png,capturas_zoom135_20260927_213408\estacion_94_ROI_lluvia_op.png,Éxito,9/27/2026,,,
9/27/2026 21:34,Valle Central,http://www.imn.ac.cr/especial/estacionPavas2.html,,,,,,,,,,,,,Aeroná ",A 5 son preliminares in con control de «,datos mostrados son pr (No cuentan con c,capturas_zoom135_20260927_213408\estacion_95_full_135pct.png,capturas_zoom135_20260927_213408\estacion_95_ROI_coords.png,capturas_zoom135_20260927_213408\estacion_95_ROI_lluvia.png,capturas_zoom135_20260927_213408\estacion_95_ROI_lluvia_op.png,Éxito,9/27/2026,,,
9/27/2026 21:34,Valle Central,http://www.imn.ac.cr/especial/estacionAlfredoVolio.html,Automática de Alfredo Volio en Cartago,,,830° 57' 17.2" O,-830.954778,1592,67.8,ROI_Lluvia_Estandar,,,,,Latitud: 09054"31.0" N Longitud: 830%57'17.2" O Altitud: 1592 msnm,"De 7 a.md a7amd 67,8","h 7] De 7 a.r NJ a 7 a.m AM 1 14 16 lb 20 67,8 0",capturas_zoom135_20260927_213408\estacion_96_full_135pct.png,capturas_zoom135_20260927_213408\estacion_96_ROI_coords.png,capturas_zoom135_20260927_213408\estacion_96_ROI_lluvia.png,capturas_zoom135_20260927_213408\estacion_96_ROI_lluvia_op.png,Éxito,9/27/2026,,,
9/27/2026 21:34,Valle Central,http://www.imn.ac.cr/especial/estaciontablazo.html,"Automática de Deslizamiento el Tablazo, Desamparados, San José",09° 50' 12" N,9.836667,84° 3' 18" O,-84.055,1660,,,,,,,Latitud: 09050'12" N Longitud: 84%03'18" O Altitud: 1660 msnm,,O,capturas_zoom135_20260927_213408\estacion_97_full_135pct.png,capturas_zoom135_20260927_213408\estacion_97_ROI_coords.png,capturas_zoom135_20260927_213408\estacion_97_ROI_lluvia.png,capturas_zoom135_20260927_213408\estacion_97_ROI_lluvia_op.png,Éxito,9/27/2026,,,
9/27/2026 21:34,Valle Central,http://www.imn.ac.cr/especial/estacionBarrancas.html,"Automática de Barrancas, El Guarco, Cartago",09° 50' 17.75" N,9.838264,83° 57' 48.2" O,-83.963389,1400,,,,,,,Latitud: 09050'17.75" N Longitud: 83057'48.2" O Altitud: 1400 msnm,er E er,De 7 a.m de ayer a 7 a.m de hoy:,capturas_zoom135_20260927_213408\estacion_98_full_135pct.png,capturas_zoom135_20260927_213408\estacion_98_ROI_coords.png,capturas_zoom135_20260927_213408\estacion_98_ROI_lluvia.png,capturas_zoom135_20260927_213408\estacion_98_ROI_lluvia_op.png,Éxito,9/27/2026,,,
9/27/2026 21:34,Valle Central,http://www.imn.ac.cr/especial/estacionBelen.html,"Automática de Belén, Heredia",09° 58' 30.0" N,9.975,84° 11' 8.00" O,-84.185556,926,26.4,ROI_Lluvia_Estandar,,,,,Latitud: 09058'30.0” N Longitud: 84%11'8.00" O Altitud: 926 msnm,"De 7 a.md a7/amd 26,4","E De 7 a.r ce ] a 7 a.m A | 12714 16 18 20 26,4 0",capturas_zoom135_20260927_213408\estacion_99_full_135pct.png,capturas_zoom135_20260927_213408\estacion_99_ROI_coords.png,capturas_zoom135_20260927_213408\estacion_99_ROI_lluvia.png,capturas_zoom135_20260927_213408\estacion_99_ROI_lluvia_op.png,Éxito,9/27/2026,,,
9/27/2026 21:34,Valle Central,https://www.imn.ac.cr/especial/estacionBibliotecaMSJ.html,"Automática de Biblioteca RAAG, Municipalidad de San José",09° 54' 46" N,9.912778,,,1200,0,ROI_Lluvia_Estandar,,,,,Latitud: 09054'46" N Longitud: 84%03'"29" O Altitud: 1200 msnm,"De 7 a.md a7/amd 0,0","| De 7 a.r | a 7 a.m | 02 04 06 08 0,0",capturas_zoom135_20260927_213408\estacion_100_full_135pct.png,capturas_zoom135_20260927_213408\estacion_100_ROI_coords.png,capturas_zoom135_20260927_213408\estacion_100_ROI_lluvia.png,capturas_zoom135_20260927_213408\estacion_100_ROI_lluvia_op.png,Éxito,9/27/2026,,,
9/27/2026 21:34,Valle Central,http://www.imn.ac.cr/especial/estacionBurio.html,"Automática El Burío, Aserrí, San José",,,84° 6' 45.0" O,-84.1125,1811,44.2,ROI_Lluvia_Estandar,,,,,Latitud: 09050'"25.0" N Longitud: 84%06'45.0" O Altitud: 1811 msnm,"De 7 a.md a7/amd 44,2",NA De 7 a.r hd 0 a 7 a.m O e 1 1 14 16 18 20 44 2 0,capturas_zoom135_20260927_213408\estacion_101_full_135pct.png,capturas_zoom135_20260927_213408\estacion_101_ROI_coords.png,capturas_zoom135_20260927_213408\estacion_101_ROI_lluvia.png,capturas_zoom135_20260927_213408\estacion_101_ROI_lluvia_op.png,Éxito,9/27/2026,,,
9/27/2026 21:34,Valle Central,http://www.imn.ac.cr/especial/estacionCedral.html,"Automática de Cerro Cedral, Escazú, San José",09° 51' 41.1" N,9.861417,84° 8' 45.2" O,-84.145889,2255,5.4,ROI_Lluvia_Estandar,,,,,Latitud: 09051'41.1" N Longitud: 84%08'45.2" O Altitud: 2255 msnm,"De 7 a.md a7/amd 5,4","E De 7 a.r 3 a 7 a.m JO. _ o 8 20 22 00 02 5,4 5",capturas_zoom135_20260927_213408\estacion_102_full_135pct.png,capturas_zoom135_20260927_213408\estacion_102_ROI_coords.png,capturas_zoom135_20260927_213408\estacion_102_ROI_lluvia.png,capturas_zoom135_20260927_213408\estacion_102_ROI_lluvia_op.png,Éxito,9/27/2026,,,
9/27/2026 21:34,Valle Central,http://www.imn.ac.cr/especial/estacionchitaria.html,"Automática de Cerro Chitaria, Santa Ana, San José",09° 53' 30.0" N,9.891667,84° 11' 37.3" O,-84.193694,,50.5,ROI_Lluvia_Estandar,,,,,Latitud: 09053'30.0" N Longitud: 84011'37.3" O Altitud: — 1717 msnm,"578 50,5",ho a7 am 0,capturas_zoom135_20260927_213408\estacion_103_full_135pct.png,capturas_zoom135_20260927_213408\estacion_103_ROI_coords.png,capturas_zoom135_20260927_213408\estacion_103_ROI_lluvia.png,capturas_zoom135_20260927_213408\estacion_103_ROI_lluvia_op.png,Éxito,9/27/2026,,,
9/27/2026 21:34,Valle Central,http://www.imn.ac.cr/especial/estacionJuco.html,Automática de Cerro Juco de Orosi en Paraiso de Cartago,09° 46' 31.5" N,9.775417,83° 51' 53.1" O,-83.86475,,101,ROI_Lluvia_Estandar,,,,,Latitud: 09046'31.5" N Longitud: 83051'53.1" O Altitud: — 1735 msnm,"De 7 a.md a 7 a.m de 101,0 1","á De 7 a.r A ! a7a.m ; — pr 101, 0",capturas_zoom135_20260927_213408\estacion_104_full_135pct.png,capturas_zoom135_20260927_213408\estacion_104_ROI_coords.png,capturas_zoom135_20260927_213408\estacion_104_ROI_lluvia.png,capturas_zoom135_20260927_213408\estacion_104_ROI_lluvia_op.png,Éxito,9/27/2026,,,
9/27/2026 21:34,Valle Central,http://www.imn.ac.cr/especial/estacionCigefi.html,"Automática de CIGEFI en Montes de Oca, San José",09° 56' 11.0" N,9.936389,84° 2' 43.0" O,-84.045278,1210,65.8,ROI_Lluvia_Estandar,,,,,Latitud: 09056'11.0" N Longitud: 84%02'43.0” O Altitud: 1210 msnm,"De 7 a.md a7/amd 65,8","-] De 7 a.r Ae a7a.m ] 14 16 18 20 65,€ 0)",capturas_zoom135_20260927_213408\estacion_105_full_135pct.png,capturas_zoom135_20260927_213408\estacion_105_ROI_coords.png,capturas_zoom135_20260927_213408\estacion_105_ROI_lluvia.png,capturas_zoom135_20260927_213408\estacion_105_ROI_lluvia_op.png,Éxito,9/27/2026,,,
9/27/2026 21:34,Valle Central,https://www.imn.ac.cr/especial/estacionCiudadninos.html,"Automática Ciudad de los Niños, Paraiso, Cartago",09° 50' 3.00" N,9.834167,,,1338,32,ROI_Lluvia_Estandar,,,,,Latitud: 09050'3.00" N Longitud: 83955'16.0” O Altitud: 1338 msnm,"De 7 a.md a7/amd 32,0","i.-3 De 7 a.r A ] j a 7 a.m A ME 1: 14 16 18 20 32,0 0",capturas_zoom135_20260927_213408\estacion_106_full_135pct.png,capturas_zoom135_20260927_213408\estacion_106_ROI_coords.png,capturas_zoom135_20260927_213408\estacion_106_ROI_lluvia.png,capturas_zoom135_20260927_213408\estacion_106_ROI_lluvia_op.png,Éxito,9/27/2026,,,
9/27/2026 21:34,Valle Central,http://www.imn.ac.cr/especial/estacionJudicial.html,"Automática de Ciudad Judicial, San Joaquín, Heredia",10° 0' 25.0" N,10.006944,84° 9' 50.0" O,-84.163889,1023,25.9,ROI_Lluvia_Estandar,,,,,Latitud: 10%00'25.0" N Longitud: 84%09'50.0" O Altitud: 1023 msnm,"De 7 a.md a7amd 25,9","dd De 7 a.r q . a /a.m A 25,9 0,",capturas_zoom135_20260927_213408\estacion_107_full_135pct.png,capturas_zoom135_20260927_213408\estacion_107_ROI_coords.png,capturas_zoom135_20260927_213408\estacion_107_ROI_lluvia.png,capturas_zoom135_20260927_213408\estacion_107_ROI_lluvia_op.png,Éxito,9/27/2026,,,
9/27/2026 21:34,Valle Central,http://www.imn.ac.cr/especial/estacionMuniStaAna.html,"Automática Centro Recuperacion Residuos Valorizables, Municipalidad de Santa Ana, San José",09° 56' 43.45" N,9.945403,84° 13' 01.82" O,-84.217172,830,23,ROI_Lluvia_Estandar,,,,,Latitud: 09056'43.45" N Longitud: 84%13'01.82" O Altitud: 830 msnm,"De 7 a.md a7amd 23,0 |","3 De 7 a.r - a 7 a.m A | PT | 14 16 18 20 23,0 0)",capturas_zoom135_20260927_213408\estacion_108_full_135pct.png,capturas_zoom135_20260927_213408\estacion_108_ROI_coords.png,capturas_zoom135_20260927_213408\estacion_108_ROI_lluvia.png,capturas_zoom135_20260927_213408\estacion_108_ROI_lluvia_op.png,Éxito,9/27/2026,,,
9/27/2026 21:34,Valle Central,https://www.imn.ac.cr/especial/estacionLindaVistadn.html,"Automática Linda Vista, Dulce Nombre, Cartago",09° 50' 18.79" N,9.838553,,,1380,,,,,,,"Latitud: 09050'18.79"" N Longitud: 83054'29,79"" O Altitud: 1380 msnm",er E er,De 7 a.m de ayer a 7 a.m de hoy:,capturas_zoom135_20260927_213408\estacion_109_full_135pct.png,capturas_zoom135_20260927_213408\estacion_109_ROI_coords.png,capturas_zoom135_20260927_213408\estacion_109_ROI_lluvia.png,capturas_zoom135_20260927_213408\estacion_109_ROI_lluvia_op.png,Éxito,9/27/2026,,,
9/27/2026 21:34,Valle Central,http://www.imn.ac.cr/especial/estacionFABIO.html,Automática Fabio Baudrit,10° 0' 18.0" N,10.005,84° 15' 56.0" O,-84.265556,840,41,ROI_Lluvia_Estandar,,,,,Latitud: 10000'18.0" N Longitud: 84%15'56.0" O Altitud: 840 msnm,"De 7 a.md a7/amd 41,0",": a De 7 a.r 3 a /a.m A. 41,0 0",capturas_zoom135_20260927_213408\estacion_110_full_135pct.png,capturas_zoom135_20260927_213408\estacion_110_ROI_coords.png,capturas_zoom135_20260927_213408\estacion_110_ROI_lluvia.png,capturas_zoom135_20260927_213408\estacion_110_ROI_lluvia_op.png,Éxito,9/27/2026,,,
9/27/2026 21:34,Valle Central,https://www.imn.ac.cr/especial/estacionLoslotes.html,"Automática de Finca Los Lotes, Unión, Cartago",09° 56' 10.35" N,9.936208,83° 58' 20.73" O,-83.972425,1579,,,,,,,Latitud: 09056'10.35" N Longitud: 83058'20.73" O Altitud: 1579 msnm,er E er,De 7 a.m de ayer a 7 a.m de hoy:,capturas_zoom135_20260927_213408\estacion_111_full_135pct.png,capturas_zoom135_20260927_213408\estacion_111_ROI_coords.png,capturas_zoom135_20260927_213408\estacion_111_ROI_lluvia.png,capturas_zoom135_20260927_213408\estacion_111_ROI_lluvia_op.png,Éxito,9/27/2026,,,
9/27/2026 21:34,Valle Central,http://www.imn.ac.cr/especial/estacionMacaya.html,"Automática de Finca los Macayas, Goicoechea, San José",,,83° 58' 16.6" O,-83.971278,1685,,,,,,,Latitud: 09058"7.00” N Longitud: 83058'16.6" O Altitud: 1685 msnm,er E er,De 7 a.m de ayer a 7 a.m de hoy:,capturas_zoom135_20260927_213408\estacion_112_full_135pct.png,capturas_zoom135_20260927_213408\estacion_112_ROI_coords.png,capturas_zoom135_20260927_213408\estacion_112_ROI_lluvia.png,capturas_zoom135_20260927_213408\estacion_112_ROI_lluvia_op.png,Éxito,9/27/2026,,,
9/27/2026 21:34,Valle Central,http://www.imn.ac.cr/especial/estacion.html,Automática en el IMN en San José,09° 56' 16.6" N,9.937944,,,,48,ROI_Lluvia_Estandar,,,,,Latitud: 09056'16.6" N Longitud: 84%04"'11.0" O Altitud: — 1172 msnm,"De 7 a.md a / a.m de 48,0 1","+=. De 7 a.r EI il a 7 a.m ME an. | 14 16 18 20 48,( 0",capturas_zoom135_20260927_213408\estacion_113_full_135pct.png,capturas_zoom135_20260927_213408\estacion_113_ROI_coords.png,capturas_zoom135_20260927_213408\estacion_113_ROI_lluvia.png,capturas_zoom135_20260927_213408\estacion_113_ROI_lluvia_op.png,Éxito,9/27/2026,,,
9/27/2026 21:34,Valle Central,http://www.imn.ac.cr/especial/estacionCartago.html,"Automática del Instituto Tecnológico de Costa Rica, Cartago",09° 51' 8.00" N,9.852222,,,1360,53.6,ROI_Lluvia_Estandar,,,,,Latitud: 09051'8.00" N Longitud: 83954'31.0" O Altitud: 1360 msnm,"De 7 a.md a7amd 53,6","A e De 7 a.r E a 7 a.m A 12 14 16 18 20 53,€ (",capturas_zoom135_20260927_213408\estacion_114_full_135pct.png,capturas_zoom135_20260927_213408\estacion_114_ROI_coords.png,capturas_zoom135_20260927_213408\estacion_114_ROI_lluvia.png,capturas_zoom135_20260927_213408\estacion_114_ROI_lluvia_op.png,Éxito,9/27/2026,,,
9/27/2026 21:34,Valle Central,http://www.imn.ac.cr/especial/estacionIztaru.html,Automática de Iztarú Tres Rios Cartago,09° 53' 22.3" N,9.889528,83° 58' 08.2" O,-83.968944,1680,67.2,ROI_Lluvia_Estandar,,,,,Latitud: 09053'22.3" N Longitud: 83058'08.2" O Altitud: 1680 msnm,"De 7 a.md a7amd 67,2","E Í e De 7 a.r m a 7 a.m Me BN. DA 16 18 20 22 67,2 0)",capturas_zoom135_20260927_213408\estacion_115_full_135pct.png,capturas_zoom135_20260927_213408\estacion_115_ROI_coords.png,capturas_zoom135_20260927_213408\estacion_115_ROI_lluvia.png,capturas_zoom135_20260927_213408\estacion_115_ROI_lluvia_op.png,Éxito,9/27/2026,,,
9/27/2026 21:34,Valle Central,http://www.imn.ac.cr/especial/estacionJaboncillal.html,"Automática de Jaboncillal, Goichoechea, San José",09° 57' 21.0" N,9.955833,83° 58' 52.0" O,-83.981111,1643,,,,,,,Latitud: 09057'21.0" N Longitud: 83%58'52.0” O Altitud: 1643 msnm,er E er,De 7 a.m de ayer a 7 a.m de hoy:,capturas_zoom135_20260927_213408\estacion_116_full_135pct.png,capturas_zoom135_20260927_213408\estacion_116_ROI_coords.png,capturas_zoom135_20260927_213408\estacion_116_ROI_lluvia.png,capturas_zoom135_20260927_213408\estacion_116_ROI_lluvia_op.png,Éxito,9/27/2026,,,
9/27/2026 21:34,Valle Central,http://www.imn.ac.cr/especial/estacionFraijanes.html,"Automática de Laguna Fraijanes, Alajuela, Alajuela",10° 8' 14.0" N,10.137222,84° 11' 36.0" O,-84.193333,1740,158.8,ROI_Lluvia_Estandar,,,,,Latitud: 10%08'14.0" N Longitud: 84%11'36.0" O Altitud: 1740 msnm,"De 7 a.md a 7 a.m de 158,8 Tr","E De 7 a.r Ñ a 7 a.m Ma .. | 16 18 20 22 158, O,",capturas_zoom135_20260927_213408\estacion_117_full_135pct.png,capturas_zoom135_20260927_213408\estacion_117_ROI_coords.png,capturas_zoom135_20260927_213408\estacion_117_ROI_lluvia.png,capturas_zoom135_20260927_213408\estacion_117_ROI_lluvia_op.png,Éxito,9/27/2026,,,
9/27/2026 21:34,Valle Central,http://www.imn.ac.cr/especial/estacionLlanogrande.html,Automática de Llano Grande de Cartago,09° 56' 43.6" N,9.945444,83° 55' 18.2" O,-83.921722,2220,29.4,ROI_Lluvia_Estandar,,,,,Latitud: 09056'43.6" N Longitud: 83055'18.2" O Altitud: 2220 msnm,"De 7 a.md a7amd 29,4","xXx De 7 a.r o a 7 a.m A | 29,4 o,",capturas_zoom135_20260927_213408\estacion_118_full_135pct.png,capturas_zoom135_20260927_213408\estacion_118_ROI_coords.png,capturas_zoom135_20260927_213408\estacion_118_ROI_lluvia.png,capturas_zoom135_20260927_213408\estacion_118_ROI_lluvia_op.png,Éxito,9/27/2026,,,
9/27/2026 21:34,Valle Central,https://www.imn.ac.cr/especial/estacionPoas.html,"Automática del en el Volcán Poás, Alajuela",10° 11' 21.0" N,10.189167,84° 13' 54.0" O,-84.231667,2598,55.2,ROI_Lluvia_Estandar,,,,,Latitud: 10011'21.0" N Longitud: 84%13'54.0" O Altitud: 2598 msnm,"De 7 a.md a7/amd 55,2","-N De 7 a.r | a 7 a.m Ma 14 16 18 20 55,2 0",capturas_zoom135_20260927_213408\estacion_119_full_135pct.png,capturas_zoom135_20260927_213408\estacion_119_ROI_coords.png,capturas_zoom135_20260927_213408\estacion_119_ROI_lluvia.png,capturas_zoom135_20260927_213408\estacion_119_ROI_lluvia_op.png,Éxito,9/27/2026,,,
9/27/2026 21:34,Valle Central,http://www.imn.ac.cr/especial/estacionPacayas.html,"Automática de Pacayas, Alvarado, Cartago",09° 54' 55.2" N,9.915333,83° 48' 17.3" O,-83.804806,1712,58.6,ROI_Lluvia_Estandar,,,,,Latitud: 09054'55.2” N Longitud: 83%48'17.3" O Altitud: 1712 msnm,"De 7 a.md a 7 a.m de 58,6","E De 7 a.r Ñ al a 7a.m e 58,6 J",capturas_zoom135_20260927_213408\estacion_120_full_135pct.png,capturas_zoom135_20260927_213408\estacion_120_ROI_coords.png,capturas_zoom135_20260927_213408\estacion_120_ROI_lluvia.png,capturas_zoom135_20260927_213408\estacion_120_ROI_lluvia_op.png,Éxito,9/27/2026,,,
9/27/2026 21:34,Valle Central,http://www.imn.ac.cr/especial/estacionPatio.html,"Automática de Patio de Agua, Vásquez de Coronado San José",09° 58' 37" N,9.976944,83° 58' 12" O,-83.97,1690,,,,,,,Latitud: 09058'37" N Longitud: 83058'12" O Altitud: 1690 msnm,er E er,De 7 a.m de ayer a 7 a.m de hoy:,capturas_zoom135_20260927_213408\estacion_121_full_135pct.png,capturas_zoom135_20260927_213408\estacion_121_ROI_coords.png,capturas_zoom135_20260927_213408\estacion_121_ROI_lluvia.png,capturas_zoom135_20260927_213408\estacion_121_ROI_lluvia_op.png,Éxito,9/27/2026,,,
9/27/2026 21:34,Valle Central,https://www.imn.ac.cr/especial/estacionPlantelMSJ.html,"Automática Plantel, Municipalidad de San José, San José",09° 55' 49" N,9.930278,84° 5' 36" O,-84.093333,1137,,,,,,,Latitud: 09055'49" N Longitud: 84%05'36" O Altitud: 1137 msnm,er p:,De 7 a.m de ayer a 7 a.m de hoy:,capturas_zoom135_20260927_213408\estacion_122_full_135pct.png,capturas_zoom135_20260927_213408\estacion_122_ROI_coords.png,capturas_zoom135_20260927_213408\estacion_122_ROI_lluvia.png,capturas_zoom135_20260927_213408\estacion_122_ROI_lluvia_op.png,Éxito,9/27/2026,,,
9/27/2026 21:34,Valle Central,http://www.imn.ac.cr/especial/estacionGarita.html,"Automática de RECOPE La Garita, Alajuela",10° 0' 19.0" N,10.005278,84° 17' 45.0" O,-84.295833,740,30.2,ROI_Lluvia_Estandar,,,,,Latitud: 10%00'19.0" N Longitud: 84%17'45.0" O Altitud: 740 msnm,"De 7 a.md a 7 a.m de 30,2","of De 7 a.r Ni ] a 7 a.m a 30,2 o,",capturas_zoom135_20260927_213408\estacion_123_full_135pct.png,capturas_zoom135_20260927_213408\estacion_123_ROI_coords.png,capturas_zoom135_20260927_213408\estacion_123_ROI_lluvia.png,capturas_zoom135_20260927_213408\estacion_123_ROI_lluvia_op.png,Éxito,9/27/2026,,,
9/27/2026 21:34,Valle Central,https://www.imn.ac.cr/especial/estacionOchomogo.html,"Automática de Recope, Ochomogo, Cartago",09° 53' 40" N,9.894444,83° 56' 19.41" O,-83.938725,1546,54.1,ROI_Lluvia_Estandar,,,,,Latitud: 09053'40" N Longitud: 83056'19.41” O Altitud: 1546 msnm,"De 7 amd a7amd 54,1","*- De 7 a.r 1 al, + a 7 a.m 1 14 16 18 nn 54,1 J",capturas_zoom135_20260927_213408\estacion_124_full_135pct.png,capturas_zoom135_20260927_213408\estacion_124_ROI_coords.png,capturas_zoom135_20260927_213408\estacion_124_ROI_lluvia.png,capturas_zoom135_20260927_213408\estacion_124_ROI_lluvia_op.png,Éxito,9/27/2026,,,
9/27/2026 21:34,Valle Central,https://www.imn.ac.cr/especial/estacionMuniStaAnaBosques.html,"Automática Residencial Bosques, Municipalidad de Santa Ana, San José",09° 58' 03.76" N,9.967711,84° 11' 20.01" O,-84.188892,876,,,,,,,Latitud: 09058'03.76" N Longitud: 84%11'20.01" O Altitud: 876 msnm,A A 06:00 p.m. n o,001m el fondo del rio,capturas_zoom135_20260927_213408\estacion_125_full_135pct.png,capturas_zoom135_20260927_213408\estacion_125_ROI_coords.png,capturas_zoom135_20260927_213408\estacion_125_ROI_lluvia.png,capturas_zoom135_20260927_213408\estacion_125_ROI_lluvia_op.png,Éxito,9/27/2026,,,
9/27/2026 21:34,Valle Central,https://www.imn.ac.cr/especial/estacionMuniStaAnaParaiso.html,"Automática Residencial Paraíso, Municipalidad de Santa Ana, San José",09° 55' 40.6" N,9.927944,84° 12' 24.3" O,-84.20675,932,,,,,,,Latitud: 09055'40.6" N Longitud: 84%12'24.3" O Altitud: 932 msnm,er E er,De 7 a.m de ayer a 7 a.m de hoy:,capturas_zoom135_20260927_213408\estacion_126_full_135pct.png,capturas_zoom135_20260927_213408\estacion_126_ROI_coords.png,capturas_zoom135_20260927_213408\estacion_126_ROI_lluvia.png,capturas_zoom135_20260927_213408\estacion_126_ROI_lluvia_op.png,Éxito,9/27/2026,,,
9/27/2026 21:34,Valle Central,http://www.imn.ac.cr/especial/estacionSTB.html,Automática de Santa Bárbara de Heredia,,,84° 9' 57" O,-84.165833,1070,32.4,ROI_Lluvia_Estandar,,,,,Latitud: 10002'D0" N Longitud: 84%09'57" O Altitud: 1070 msnm,"De 7 a.md a7amd 32,4 |","3 De 7 a.r + a 7 am A D__ YM 1 14 16 18 20 32,4 o,",capturas_zoom135_20260927_213408\estacion_127_full_135pct.png,capturas_zoom135_20260927_213408\estacion_127_ROI_coords.png,capturas_zoom135_20260927_213408\estacion_127_ROI_lluvia.png,capturas_zoom135_20260927_213408\estacion_127_ROI_lluvia_op.png,Éxito,9/27/2026,,,
9/27/2026 21:34,Valle Central,http://www.imn.ac.cr/especial/estacionsantalucia.html,"Automática de Santa Lucía, UNA Heredia",10° 1' 22.8" N,10.023,84° 6' 42.3" O,-84.11175,,34,ROI_Lluvia_Estandar,,,,,Latitud: 10001'22.8" N Longitud: 84%06'42.3" O Altitud: — 1257 msnm,"De 7 a.md a 7 a.m de 34,0","E De 7 a.r | 16 a 34, 0",capturas_zoom135_20260927_213408\estacion_128_full_135pct.png,capturas_zoom135_20260927_213408\estacion_128_ROI_coords.png,capturas_zoom135_20260927_213408\estacion_128_ROI_lluvia.png,capturas_zoom135_20260927_213408\estacion_128_ROI_lluvia_op.png,Éxito,9/27/2026,,,
9/27/2026 21:34,Valle Central,http://www.imn.ac.cr/especial/estacionPotrero.html,"Automática de Potrero Cerrado, Sartalillo de Cartago",09° 54' 8.00" N,9.902222,83° 53' 9.00" O,-83.885833,1943,56.2,ROI_Lluvia_Estandar,,,,,Latitud: 09054'8.00" N Longitud: 83%53'9.00” O Altitud: 1943 msnm,"De 7 a.md a7amd 56,2","E De 7 a.r E Í, a7 a.m A | 1 12714 16 18 20 56,2",capturas_zoom135_20260927_213408\estacion_129_full_135pct.png,capturas_zoom135_20260927_213408\estacion_129_ROI_coords.png,capturas_zoom135_20260927_213408\estacion_129_ROI_lluvia.png,capturas_zoom135_20260927_213408\estacion_129_ROI_lluvia_op.png,Éxito,9/27/2026,,,
9/27/2026 21:34,Valle Central,http://www.imn.ac.cr/especial/estacionUPaz.html,"Automática Universidad de la Paz, Mora, San José",09° 55' 13.0" N,9.920278,84° 16' 22.0" O,-84.272778,818,35.2,ROI_Lluvia_Estandar,,,,,Latitud: 09055'13.0" N Longitud: 84%16'22.0" O Altitud: 818 msnm,"De 7 a.m a7amd 35,2",E De 7 a. -. . a7a.t A A | 14 16 18 20 3 y. 0,capturas_zoom135_20260927_213408\estacion_130_full_135pct.png,capturas_zoom135_20260927_213408\estacion_130_ROI_coords.png,capturas_zoom135_20260927_213408\estacion_130_ROI_lluvia.png,capturas_zoom135_20260927_213408\estacion_130_ROI_lluvia_op.png,Éxito,9/27/2026,,,
9/27/2026 21:34,Valle Central,http://www.imn.ac.cr/especial/estacionUTN.html,"Automática de UTN, Atenas, Alajuela",09° 56' 8.00" N,9.935556,,,,25.4,ROI_Lluvia_Estandar,,,,,Latitud: 09056'8.00" N Longitud: 84922'47.3" O Altitud: — 437 msnm,"De 7 a.md a7amd 25,4","3 De 7 a.r E Il a7 a.m | A a A 25,4 0",capturas_zoom135_20260927_213408\estacion_131_full_135pct.png,capturas_zoom135_20260927_213408\estacion_131_ROI_coords.png,capturas_zoom135_20260927_213408\estacion_131_ROI_lluvia.png,capturas_zoom135_20260927_213408\estacion_131_ROI_lluvia_op.png,Éxito,9/27/2026,,,
9/27/2026 21:34,Valle Central,http://www.imn.ac.cr/especial/estacionVirazu.html,"Automática del Volcán Irazú, Alvarado, Cartago",09° 58' 48.0" N,9.98,83° 50' 16.1" O,-83.837806,3331,50,ROI_Lluvia_Estandar,,,,,Latitud: 09058'48.0" N Longitud: 83050'16.1" O Altitud: 3331 msnm,"De 7 a.m d a 7 a.m de 50,0","] De 7 a.r | 16 18 20 3 50,( 3",capturas_zoom135_20260927_213408\estacion_132_full_135pct.png,capturas_zoom135_20260927_213408\estacion_132_ROI_coords.png,capturas_zoom135_20260927_213408\estacion_132_ROI_lluvia.png,capturas_zoom135_20260927_213408\estacion_132_ROI_lluvia_op.png,Éxito,9/27/2026,,,
9/27/2026 21:34,Caribe Norte,http://www.imn.ac.cr/especial/estacionCantagallo.html,"Automática de Canta Gallo, Cariari, Limón",10° 29' 49.0" N,10.496944,83° 40' 16.7" O,-83.671306,31,0,ROI_Lluvia_Estandar,,,,,Latitud: 10029'49.0" N Longitud: 83%40'16.7" O Altitud: 31 msnm,"De 7 a.md a7/amd 0,0","IM De 7 a.r E a 7 a.m 6 08 10 12 0,0 0,0",capturas_zoom135_20260927_213408\estacion_133_full_135pct.png,capturas_zoom135_20260927_213408\estacion_133_ROI_coords.png,capturas_zoom135_20260927_213408\estacion_133_ROI_lluvia.png,capturas_zoom135_20260927_213408\estacion_133_ROI_lluvia_op.png,Éxito,9/27/2026,,,
9/27/2026 21:34,Caribe Norte,http://www.imn.ac.cr/especial/estacionRoxana.html,"Automática de Caramba Farms, Roxana, Pococí",10° 16' 7.00" N,10.268611,83° 44' 47.0" O,-83.746389,113,,,,,,,Latitud: 10016'7.00" N Longitud: 83%44'47.0" O Altitud: 113 msnm,er E er,De 7 a.m de ayer a 7 a.m de hoy:,capturas_zoom135_20260927_213408\estacion_134_full_135pct.png,capturas_zoom135_20260927_213408\estacion_134_ROI_coords.png,capturas_zoom135_20260927_213408\estacion_134_ROI_lluvia.png,capturas_zoom135_20260927_213408\estacion_134_ROI_lluvia_op.png,Éxito,9/27/2026,,,
9/27/2026 21:34,Caribe Norte,http://www.imn.ac.cr/especial/estacionearth.html,Automática de La Earth,10° 12' 46.0" N,10.212778,82° 45' 40.5" O,-82.76125,10,10.2,ROI_Lluvia_Estandar,,,,,Latitud: 100%12'46.0" N Longitud: 82%45'40.5" O Altitud: 10 msnm,"De 7 a.md a 7 a.m de 10,2","E De 7a.r o a 7 a.m e 10, Y A",capturas_zoom135_20260927_213408\estacion_135_full_135pct.png,capturas_zoom135_20260927_213408\estacion_135_ROI_coords.png,capturas_zoom135_20260927_213408\estacion_135_ROI_lluvia.png,capturas_zoom135_20260927_213408\estacion_135_ROI_lluvia_op.png,Éxito,9/27/2026,,,
9/27/2026 21:34,Caribe Norte,https://www.imn.ac.cr/especial/estacionFrutadePan.html,"Automática de Fruta de Pan, Guápiles, Limón",,,,,294,,,,,,,Latitud: 100... Long]... 83"... Altitud: 294 msnm,,De / a.m... a 7 a.m de...,capturas_zoom135_20260927_213408\estacion_136_full_135pct.png,capturas_zoom135_20260927_213408\estacion_136_ROI_coords.png,capturas_zoom135_20260927_213408\estacion_136_ROI_lluvia.png,capturas_zoom135_20260927_213408\estacion_136_ROI_lluvia_op.png,Éxito,9/27/2026,,,
9/27/2026 21:34,Caribe Norte,http://www.imn.ac.cr/especial/estacionMawamba.html,"Automática Hotel Mawamba, Tortuguero, Pococí, Limón",10° 33' 4.00" N,10.551111,,,8,,,,,,,Latitud: 10033'4.00" N Longitud: 83930"27.0" O Altitud: 8 msnm,0,,capturas_zoom135_20260927_213408\estacion_137_full_135pct.png,capturas_zoom135_20260927_213408\estacion_137_ROI_coords.png,capturas_zoom135_20260927_213408\estacion_137_ROI_lluvia.png,capturas_zoom135_20260927_213408\estacion_137_ROI_lluvia_op.png,Éxito,9/27/2026,,,
9/27/2026 21:34,Caribe Norte,https://www.imn.ac.cr/especial/estacionGuapiles.html,"Automática Finca Diamantes, Guápiles, Limón",10° 12' 42.2" N,10.211722,83° 46' 19.1" O,-83.771972,262,99.61,ROI_Lluvia_Estandar,,,,,Latitud: 10012'42.2” N Longitud: 83%46'19.1” O Altitud: 262 msnm,"De 7 a.md a7amd 99,61",x De 7 a.r A a 7 a.m A 16 18 20 99 ¡€ 0),capturas_zoom135_20260927_213408\estacion_138_full_135pct.png,capturas_zoom135_20260927_213408\estacion_138_ROI_coords.png,capturas_zoom135_20260927_213408\estacion_138_ROI_lluvia.png,capturas_zoom135_20260927_213408\estacion_138_ROI_lluvia_op.png,Éxito,9/27/2026,,,
9/27/2026 21:34,Caribe Norte,http://www.imn.ac.cr/especial/estacionRainforest.html,"Automática Rain Forest, Braulio Carrillo, Guápiles, Pococí, Limón",10° 10' 33.4" N,10.175944,83° 55' 4.50" O,-83.917917,516,,,,,,,Latitud: 10010'33.4" N Longitud: 83055'4.50" O Altitud: 516 msnm,er p:,De 7 a.m de ayer a 7 a.m de hoy:,capturas_zoom135_20260927_213408\estacion_139_full_135pct.png,capturas_zoom135_20260927_213408\estacion_139_ROI_coords.png,capturas_zoom135_20260927_213408\estacion_139_ROI_lluvia.png,capturas_zoom135_20260927_213408\estacion_139_ROI_lluvia_op.png,Éxito,9/27/2026,,,
9/27/2026 21:34,Caribe Sur,https://www.imn.ac.cr/especial/estacionlimon.html,Automática del Aeropuerto de Limón,09° 57' 43.0" N,9.961944,83° 1' 31.0" O,-83.025278,5,3.8,ROI_Lluvia_Estandar,,,,,Latitud: 09057'43.0" N Longitud: 83%01'31.0" O Altitud: 5 msnm,"De 7 a.md a7amd 3,8","e : De 7 a.r io E a 7 a.m A 3,8 0,",capturas_zoom135_20260927_213408\estacion_140_full_135pct.png,capturas_zoom135_20260927_213408\estacion_140_ROI_coords.png,capturas_zoom135_20260927_213408\estacion_140_ROI_lluvia.png,capturas_zoom135_20260927_213408\estacion_140_ROI_lluvia_op.png,Éxito,9/27/2026,,,
9/27/2026 21:34,Caribe Sur,http://www.imn.ac.cr/especial/estacionCatie.html,"Automática de CATIE, Turrialba, Cartago",,,,,610,50.8,ROI_Lluvia_Estandar,,,,,Latitud: 09053'"29.0” N Longitud: 83939'11.0” O Altitud: 610 msnm,"De 7 a.md a 7 a.m de 50,8","*- De 7 a.r 2. o a /a.m | 5 d L 14 16 18 20 50,€ 0)",capturas_zoom135_20260927_213408\estacion_141_full_135pct.png,capturas_zoom135_20260927_213408\estacion_141_ROI_coords.png,capturas_zoom135_20260927_213408\estacion_141_ROI_lluvia.png,capturas_zoom135_20260927_213408\estacion_141_ROI_lluvia_op.png,Éxito,9/27/2026,,,
9/27/2026 21:34,Caribe Sur,http://www.imn.ac.cr/especial/estacionCTPlasuiza.html,"Automática CTP La Suiza, Turrialba, Cartago",,,,,616,,,,,,,Latitud: 09051'07.4... Longi... 83037'01.3... Altitud: 616 msnm,,De / a.m... a 7 a.m de...,capturas_zoom135_20260927_213408\estacion_142_full_135pct.png,capturas_zoom135_20260927_213408\estacion_142_ROI_coords.png,capturas_zoom135_20260927_213408\estacion_142_ROI_lluvia.png,capturas_zoom135_20260927_213408\estacion_142_ROI_lluvia_op.png,Éxito,9/27/2026,,,
9/27/2026 21:34,Caribe Sur,http://www.imn.ac.cr/especial/estacionPastora.html,"Automática Escuela La Pastora, Turrialba, Limón",09° 57' 47.8" N,9.963278,83° 45' 05.3" O,-83.751472,1691,,,,,,,Latitud: 09057'47.8" N Longitud: 83%45'05.3" O Altitud: 1691 msnm,Lluvia Desd,la última hora:,capturas_zoom135_20260927_213408\estacion_143_full_135pct.png,capturas_zoom135_20260927_213408\estacion_143_ROI_coords.png,capturas_zoom135_20260927_213408\estacion_143_ROI_lluvia.png,capturas_zoom135_20260927_213408\estacion_143_ROI_lluvia_op.png,Éxito,9/27/2026,,,
9/27/2026 21:34,Caribe Sur,http://www.imn.ac.cr/especial/estacionGavilanCanta.html,"Automática Gavilán Canta, Bratsi, Talamanca, Limón",09° 35' 41.3" N,9.594806,83° 1' 33.8" O,-83.026056,,80.3,ROI_Lluvia_Estandar,,,,,Latitud: 09035'41.3" N Longitud: 83%01'33.8" O Altitud: — 124 msnm,"De 7 a.m d a 7 a.m de 80,3","p--3 De 7 a.r A a 7 a.m e 80,3",capturas_zoom135_20260927_213408\estacion_144_full_135pct.png,capturas_zoom135_20260927_213408\estacion_144_ROI_coords.png,capturas_zoom135_20260927_213408\estacion_144_ROI_lluvia.png,capturas_zoom135_20260927_213408\estacion_144_ROI_lluvia_op.png,Éxito,9/27/2026,,,
9/27/2026 21:34,Caribe Sur,http://www.imn.ac.cr/especial/estacionHitoy.html,"Automática de Hitoy Cerere, Limón",,,,,170,,,,,,,Latitud: 09040'23.1... Longi... 83001'28.4".. Altitud: 170 msnm,,De / a.m... a 7 a.m de...,capturas_zoom135_20260927_213408\estacion_145_full_135pct.png,capturas_zoom135_20260927_213408\estacion_145_ROI_coords.png,capturas_zoom135_20260927_213408\estacion_145_ROI_lluvia.png,capturas_zoom135_20260927_213408\estacion_145_ROI_lluvia_op.png,Éxito,9/27/2026,,,
9/27/2026 21:34,Caribe Sur,http://www.imn.ac.cr/especial/estacionManzanillo.html,"Automática de Manzanillo, Talamanca, Limón",,,,,16,12,ROI_Lluvia_Estandar,,,,,"Latitud: 09037'53,4” N Longitud: 82039'39,7"" O Altitud: 16 msnm","De 7 a.md a 7 a.m de 12,0","EA De 7 a.r 0 a7 a.m A 12,C O,",capturas_zoom135_20260927_213408\estacion_146_full_135pct.png,capturas_zoom135_20260927_213408\estacion_146_ROI_coords.png,capturas_zoom135_20260927_213408\estacion_146_ROI_lluvia.png,capturas_zoom135_20260927_213408\estacion_146_ROI_lluvia_op.png,Éxito,9/27/2026,,,
9/27/2026 21:34,Caribe Sur,https://www.imn.ac.cr/especial/estacionJuanVinas.html,"Automática Juan Viñas, Jiménez, Cartago; CONDICIONES ACTUALES DEL TIEMPO Estación Automática dei Juan Viñas, Jiménez, Cartago",09° 53' 46.0" N,9.896111,83° 44' 53.4" O,-83.748167,1181,54,ROI_Lluvia_Estandar,,,,,Latitud: 09053'46.0" N Longitud: 83%44'53.4" O Altitud: 1181 msnm,"ud y Y 144 De 7 a.m de a 7 a.m de 54,0 m",ña De 7 a.r q al a7a.m tela 54 ( 4 16 18 20 / O.,capturas_zoom135_20260927_213408\estacion_147_full_135pct.png,capturas_zoom135_20260927_213408\estacion_147_ROI_coords.png,capturas_zoom135_20260927_213408\estacion_147_ROI_lluvia.png,capturas_zoom135_20260927_213408\estacion_147_ROI_lluvia_op.png,Éxito,9/27/2026,,,
9/27/2026 21:34,Caribe Sur,https://www.imn.ac.cr/especial/estacionMariaLuisa.html,"Automática Maria Luisa, Río Banano, Limón",09° 53' 39.1" N,9.894194,83° 6' 25.6" O,-83.107111,84,0,ROI_Lluvia_Estandar,,,,,Latitud: 09053'39.1" N Longitud: 83%06'25.6" O Altitud: 84 msnm,"De 7 a.md a 7 a.m de 0,0 m","| De 7 a.r || a /a.m ) 02 04 06 08) 0,0 0",capturas_zoom135_20260927_213408\estacion_148_full_135pct.png,capturas_zoom135_20260927_213408\estacion_148_ROI_coords.png,capturas_zoom135_20260927_213408\estacion_148_ROI_lluvia.png,capturas_zoom135_20260927_213408\estacion_148_ROI_lluvia_op.png,Éxito,9/27/2026,,,
9/27/2026 21:34,Caribe Sur,http://www.imn.ac.cr/especial/estacionMGuayabo.html,Automática de Monumento Nacional Guayabo en Turrialba de Cartago,09° 58' 10.0" N,9.969444,,,1105,35.8,ROI_Lluvia_Estandar,,,,,Latitud: 09058'10.0” N Longitud: 83%41'"21.0" O Altitud: 1105 msnm,"De 7 a.md a 7 a.m de 35,8","Xx De 7 a.r 3 ] ] ] a 7 a.m 7 da 16 18 20. 35,6 0)",capturas_zoom135_20260927_213408\estacion_149_full_135pct.png,capturas_zoom135_20260927_213408\estacion_149_ROI_coords.png,capturas_zoom135_20260927_213408\estacion_149_ROI_lluvia.png,capturas_zoom135_20260927_213408\estacion_149_ROI_lluvia_op.png,Éxito,9/27/2026,,,
9/27/2026 21:34,Caribe Sur,http://www.imn.ac.cr/especial/estacionPtovargas.html,"Automática de Puerto Vargas Talamanca, Limón",09° 43' 54.0" N,9.731667,820° 48' 54.0" O,-820.815,10,,,,,,,Latitud: 09043'54.0" N Longitud: 820%48'54.0" O Altitud: 10 msnm,er E er,De 7 a.m de ayer a 7 a.m de hoy:,capturas_zoom135_20260927_213408\estacion_150_full_135pct.png,capturas_zoom135_20260927_213408\estacion_150_ROI_coords.png,capturas_zoom135_20260927_213408\estacion_150_ROI_lluvia.png,capturas_zoom135_20260927_213408\estacion_150_ROI_lluvia_op.png,Éxito,9/27/2026,,,
9/27/2026 21:34,Caribe Sur,http://www.imn.ac.cr/especial/estacionSitiomata.html,"Automática de Sitio Matas, Turrialba, Cartago",09° 52' 45.0" N,9.879167,,,848,30.8,ROI_Lluvia_Estandar,,,,,Latitud: 09052'45.0" N Longitud: 83937'33.0" O Altitud: 848 msnm,"De 7 a.md a / a.m de 30,8","Xx De 7 a.r x a 7a.m Ei Mila. / 16 18 20 22 30,€ J",capturas_zoom135_20260927_213408\estacion_151_full_135pct.png,capturas_zoom135_20260927_213408\estacion_151_ROI_coords.png,capturas_zoom135_20260927_213408\estacion_151_ROI_lluvia.png,capturas_zoom135_20260927_213408\estacion_151_ROI_lluvia_op.png,Éxito,9/27/2026,,,
9/27/2026 21:34,Caribe Sur,http://www.imn.ac.cr/especial/estacionSixaola.html,"Automática de Sixaola, Talamanca, Limón",09° 31' 39.0" N,9.5275,82° 38' 1.00" O,-82.633611,99,0,ROI_Lluvia_Estandar,,,,,Latitud: 09031'39.0” N Longitud: 82038'1.00" O Altitud: 99 msnm,"De 7 a.md a7/amd 0,0","IM De 7 a.r | a7a.m 4 16 18 20 0,0 o,",capturas_zoom135_20260927_213408\estacion_152_full_135pct.png,capturas_zoom135_20260927_213408\estacion_152_ROI_coords.png,capturas_zoom135_20260927_213408\estacion_152_ROI_lluvia.png,capturas_zoom135_20260927_213408\estacion_152_ROI_lluvia_op.png,Éxito,9/27/2026,,,
9/27/2026 21:34,Caribe Sur,http://www.imn.ac.cr/especial/estacionturri.html,"Automática de Turrialba, Cartago",,,,,630,,,,,,,Latitud: 09054"36... Longi... 83040'44... Altitud: 630 msnm,"De / a. a /7/a.m 23,","Ñ a la7a. 14 16 18 8 ,) 3 J,",capturas_zoom135_20260927_213408\estacion_153_full_135pct.png,capturas_zoom135_20260927_213408\estacion_153_ROI_coords.png,capturas_zoom135_20260927_213408\estacion_153_ROI_lluvia.png,capturas_zoom135_20260927_213408\estacion_153_ROI_lluvia_op.png,Éxito,9/27/2026,,,
9/27/2026 21:34,Caribe Sur,http://www.imn.ac.cr/especial/estacionVturri.html,"Automática en el Volcán Turrialba, Turrialba de Cartago",,,18° 20' 55" O,-18.348611,,55.2,ROI_Lluvia_Estandar,,,,,Latitud: 10001'09... Longi... 83045'23... Altitud: 3343...,"De / a. a 7/a.m 55,2",-- De / y . —Mi ma 2014 16 18 20 55 O.,capturas_zoom135_20260927_213408\estacion_154_full_135pct.png,capturas_zoom135_20260927_213408\estacion_154_ROI_coords.png,capturas_zoom135_20260927_213408\estacion_154_ROI_lluvia.png,capturas_zoom135_20260927_213408\estacion_154_ROI_lluvia_op.png,Éxito,9/27/2026,,,
9/28/2026 9:26,Pacifico Norte,http://www.imn.ac.cr/especial/estacionLiberia.html,Automática del Aeropuerto Daniel Oduber en Liberia,10° 35' 20" N,10.588889,85° 33' 08" O,-85.552222,78,0.2,ROI_Lluvia_Estandar,,,,,Latitud: 10035'20" N Longitud: 85033'08"” O Altitud: 78 msnm,"De 7 a.m a7amd 0,2 mM","+ De 7 a. += a7a. 0 02 04 06 08 0,2 J",capturas_zoom135_20260928_092608\estacion_1_full_135pct.png,capturas_zoom135_20260928_092608\estacion_1_ROI_coords.png,capturas_zoom135_20260928_092608\estacion_1_ROI_lluvia.png,capturas_zoom135_20260928_092608\estacion_1_ROI_lluvia_op.png,Éxito,9/28/2026,,,
9/28/2026 9:26,Pacifico Norte,http://www.imn.ac.cr/especial/estacionLiberia2.html,,,,,,,,,,,,,Aeroná ',A 5 son preliminares in con control de «,datos mostrados son pr (No cuentan con c,capturas_zoom135_20260928_092608\estacion_2_full_135pct.png,capturas_zoom135_20260928_092608\estacion_2_ROI_coords.png,capturas_zoom135_20260928_092608\estacion_2_ROI_lluvia.png,capturas_zoom135_20260928_092608\estacion_2_ROI_lluvia_op.png,Éxito,9/28/2026,,,
9/28/2026 9:26,Pacifico Norte,http://www.imn.ac.cr/especial/estacionLiberia25.html,Automática del Aeropuerto Daniel Oduber en Liberia,10° 35' 36" N,10.593333,85° 32' 16" O,-85.537778,82,0,ROI_Lluvia_Estandar,,,,,Latitud: 10035'36" N Longitud: 85032'16" O Altitud: 82 msnm,"De 7 a.m a7amd 0,0","De 7 a a?7a. 02 04 06 08 0,C )",capturas_zoom135_20260928_092608\estacion_3_full_135pct.png,capturas_zoom135_20260928_092608\estacion_3_ROI_coords.png,capturas_zoom135_20260928_092608\estacion_3_ROI_lluvia.png,capturas_zoom135_20260928_092608\estacion_3_ROI_lluvia_op.png,Éxito,9/28/2026,,,
9/28/2026 9:26,Pacifico Norte,http://www.imn.ac.cr/especial/estacionAranjuez.html,"Automática de Pithaya, Puntarenas, Puntarenas",,,,,30,0,ROI_Lluvia_Estandar,,,,,Latitud: 10%03'"28.4" N Longitud: 840%48"25" O Altitud: 30 msnm,"De 7 a.md a7/amd 0,0","» De 7 a.r | | a7a.m + D4 06 08 0,0 o,",capturas_zoom135_20260928_092608\estacion_4_full_135pct.png,capturas_zoom135_20260928_092608\estacion_4_ROI_coords.png,capturas_zoom135_20260928_092608\estacion_4_ROI_lluvia.png,capturas_zoom135_20260928_092608\estacion_4_ROI_lluvia_op.png,Éxito,9/28/2026,,,
9/28/2026 9:26,Pacifico Norte,https://www.imn.ac.cr/especial/estacionSardinal.html,Automática de Sardinal de Carrillo en Guanacaste,,,85° 41' 45.7" O,-85.696028,65,0,ROI_Lluvia_Estandar,,,,,Latitud: 10030'"24.0" N Longitud: 85%41'45.7" O Altitud: 65 msnm,"De 7 a.md a7amd 0,0","De 7 a.n | a 7 a.m 2 D4 06 08 0,0 0",capturas_zoom135_20260928_092608\estacion_5_full_135pct.png,capturas_zoom135_20260928_092608\estacion_5_ROI_coords.png,capturas_zoom135_20260928_092608\estacion_5_ROI_lluvia.png,capturas_zoom135_20260928_092608\estacion_5_ROI_lluvia_op.png,Éxito,9/28/2026,,,
9/28/2026 9:26,Pacifico Norte,https://www.imn.ac.cr/especial/estacionGuayabo.html,Automática de Guayabo en la Fortuna de Bagaces de Guanacaste,10° 42' 54.0" N,10.715,,,532,6.6,ROI_Lluvia_Estandar,,,,,"Latitud: 10%42'54.0"" N Longitud: 85%12'4,00"" O Altitud: 532 msnm","De 7 a.md a 7a.md 6,6","e De 7 a.n A a 7 a.m | 2 04 06 08 6,6 0",capturas_zoom135_20260928_092608\estacion_6_full_135pct.png,capturas_zoom135_20260928_092608\estacion_6_ROI_coords.png,capturas_zoom135_20260928_092608\estacion_6_ROI_lluvia.png,capturas_zoom135_20260928_092608\estacion_6_ROI_lluvia_op.png,Éxito,9/28/2026,,,
9/28/2026 9:26,Pacifico Norte,https://www.imn.ac.cr/especial/estacionPilangosta.html,Automática de Hojancha en Guanacaste,10° 1' 55.0" N,10.031944,,,374,0.2,ROI_Lluvia_Opcional,,,,,Latitud: 10001'55.0" N Longitud: 859%24"21.0" O Altitud: 374 msnm,De 7 a.md a 7 a.m de,"En ; De 7 a.r N : a 7a.m E 0,2 0,",capturas_zoom135_20260928_092608\estacion_7_full_135pct.png,capturas_zoom135_20260928_092608\estacion_7_ROI_coords.png,capturas_zoom135_20260928_092608\estacion_7_ROI_lluvia.png,capturas_zoom135_20260928_092608\estacion_7_ROI_lluvia_op.png,Éxito,9/28/2026,,,
9/28/2026 9:26,Pacifico Norte,https://www.imn.ac.cr/especial/estacionStaMarta.html,Automática de Santa Marta de Hojancha en Guanacaste,09° 55' 47.0" N,9.929722,,,100,0.2,ROI_Lluvia_Estandar,,,,,Latitud: 09055'47.0" N Longitud: 85925'49.0" O Altitud: 100 msnm,"De 7 a.md a7/amd 0,2",bono De 7 a.n ES | a / a.m A 02 0,capturas_zoom135_20260928_092608\estacion_8_full_135pct.png,capturas_zoom135_20260928_092608\estacion_8_ROI_coords.png,capturas_zoom135_20260928_092608\estacion_8_ROI_lluvia.png,capturas_zoom135_20260928_092608\estacion_8_ROI_lluvia_op.png,Éxito,9/28/2026,,,
9/28/2026 9:26,Pacifico Norte,https://www.imn.ac.cr/especial/estacionGarza.html,Automática Barco Quebradero,09° 54' 58.0" N,9.916111,,,24,,,,,,,Latitud: 09054'58.0" N Longitud: 85936'52.0" O Altitud: 24 msnm,er E er,De 7 a.m de ayer a 7 a.m de hoy:,capturas_zoom135_20260928_092608\estacion_9_full_135pct.png,capturas_zoom135_20260928_092608\estacion_9_ROI_coords.png,capturas_zoom135_20260928_092608\estacion_9_ROI_lluvia.png,capturas_zoom135_20260928_092608\estacion_9_ROI_lluvia_op.png,Éxito,9/28/2026,,,
9/28/2026 9:26,Pacifico Norte,http://www.imn.ac.cr/especial/estacionHuacalito.html,Automática de Huacalito de Filadelfia en Carrillo Guanacaste,10° 23' 35.0" N,10.393056,,,65,8,ROI_Lluvia_Estandar,,,,,Latitud: 10023'35.0" N Longitud: 85924'46.0" O Altitud: 65 msnm,"De 7 amd a7amd 8,0","=> De 7 a.r x= a 7a.m ¡NL 00 02 04 06 08 8,0 o,",capturas_zoom135_20260928_092608\estacion_10_full_135pct.png,capturas_zoom135_20260928_092608\estacion_10_ROI_coords.png,capturas_zoom135_20260928_092608\estacion_10_ROI_lluvia.png,capturas_zoom135_20260928_092608\estacion_10_ROI_lluvia_op.png,Éxito,9/28/2026,,,
9/28/2026 9:26,Pacifico Norte,http://www.imn.ac.cr/especial/estacionBijagua.html,"Automática de Coopeguanacaste, Bijagua de Upala, Alajuela",10° 45' 11.40" N,10.753167,85° 3' 20.1" O,-85.055583,435,0,ROI_Lluvia_Estandar,,,,,Latitud: 10045'11.40" N Longitud: 85%03'20.1”" O Altitud: 435 msnm,"De 7 a.md a7/amd 0,0","» De 7 a.r | | a7a.m + D4 06 08 0,0 o,",capturas_zoom135_20260928_092608\estacion_11_full_135pct.png,capturas_zoom135_20260928_092608\estacion_11_ROI_coords.png,capturas_zoom135_20260928_092608\estacion_11_ROI_lluvia.png,capturas_zoom135_20260928_092608\estacion_11_ROI_lluvia_op.png,Éxito,9/28/2026,,,
9/28/2026 9:26,Pacifico Norte,http://www.imn.ac.cr/especial/estacionCopalchi.html,"Automática de Copalchí, La Cruz, Guanacaste",11° 12' 00.1" N,11.200028,,,58,0.6,ROI_Lluvia_Estandar,,,,,Latitud: 11012'00.1" N Longitud: 85937'6.90" O Altitud: 58 msnm,"De 7 a.md a7/amd 0,6","Ela De 7 a.r H a 7 a.m II 2 04 06 08 0,6",capturas_zoom135_20260928_092608\estacion_12_full_135pct.png,capturas_zoom135_20260928_092608\estacion_12_ROI_coords.png,capturas_zoom135_20260928_092608\estacion_12_ROI_lluvia.png,capturas_zoom135_20260928_092608\estacion_12_ROI_lluvia_op.png,Éxito,9/28/2026,,,
9/28/2026 9:26,Pacifico Norte,http://www.imn.ac.cr/especial/estacionPuraVida.html,"Automática en Dulce Nombre, Nicoya, Guanacaste",10° 5' 45.0" N,10.095833,85° 28' 42.0" O,-85.478333,180,0,ROI_Lluvia_Estandar,,,,,Latitud: 10%05'45.0" N Longitud: 85%28'42.0" O Altitud: 180 msnm,"De 7 a.md a7/amd 0,0","» De 7 a.r | | a7a.m i y 04 06 08 0 , 0 o,",capturas_zoom135_20260928_092608\estacion_13_full_135pct.png,capturas_zoom135_20260928_092608\estacion_13_ROI_coords.png,capturas_zoom135_20260928_092608\estacion_13_ROI_lluvia.png,capturas_zoom135_20260928_092608\estacion_13_ROI_lluvia_op.png,Éxito,9/28/2026,,,
9/28/2026 9:26,Pacifico Norte,http://www.imn.ac.cr/especial/estacionpaloverde.html,"Automática de Palo Verde en Bagaces, Guanacaste",10° 20' 51.0" N,10.3475,85° 21' 4.00" O,-85.351111,10,0,ROI_Lluvia_Estandar,,,,,Latitud: 10020'51.0" N Longitud: 85%21'4.00” O Altitud: 10 msnm,"De 7 a.md a 7 a.m de 0,0 m","» De 7 a.r | ! a /a.m i 7 04 06 08 0,0",capturas_zoom135_20260928_092608\estacion_14_full_135pct.png,capturas_zoom135_20260928_092608\estacion_14_ROI_coords.png,capturas_zoom135_20260928_092608\estacion_14_ROI_lluvia.png,capturas_zoom135_20260928_092608\estacion_14_ROI_lluvia_op.png,Éxito,9/28/2026,,,
9/28/2026 9:26,Pacifico Norte,http://www.imn.ac.cr/especial/estacionLaCeiba.html,"Automática de Finca la Ceiba, Nicoya, Guanacaste",10° 6' 40.9" N,10.111361,85° 19' 03.4" O,-85.317611,64,0,ROI_Lluvia_Estandar,,,,,Latitud: 10%06'40.9" N Longitud: 85%19'03.4" O Altitud: 64 msnm,"De 7 a.md a7/amd 0,0","» De 7 a.r | | a7a.m p 04 06 08 0 ¿ 0 o,",capturas_zoom135_20260928_092608\estacion_15_full_135pct.png,capturas_zoom135_20260928_092608\estacion_15_ROI_coords.png,capturas_zoom135_20260928_092608\estacion_15_ROI_lluvia.png,capturas_zoom135_20260928_092608\estacion_15_ROI_lluvia_op.png,Éxito,9/28/2026,,,
9/28/2026 9:26,Pacifico Norte,http://www.imn.ac.cr/especial/estacionGmastate.html,"Automática de Guayabal Mastate, Orotina, Alajuela",09° 55' 03" N,9.9175,,,185,0.8,ROI_Lluvia_Estandar,,,,,Latitud: 09055'03" N Longitud: 84935'07" O Altitud: 185 msnm,"De 7 amd a7amd 0,8","ie De 7 a.r H a 7a.m 7 2 04 06 08 0,8",capturas_zoom135_20260928_092608\estacion_16_full_135pct.png,capturas_zoom135_20260928_092608\estacion_16_ROI_coords.png,capturas_zoom135_20260928_092608\estacion_16_ROI_lluvia.png,capturas_zoom135_20260928_092608\estacion_16_ROI_lluvia_op.png,Éxito,9/28/2026,,,
9/28/2026 9:26,Pacifico Norte,http://www.imn.ac.cr/especial/estacionMojica.html,"Automática de Hacienda Mojica, Bagaces, Guanacaste",10° 27' 10.0" N,10.452778,85° 9' 55.0" O,-85.165278,33,0,ROI_Lluvia_Estandar,,,,,Latitud: 10027'10.0" N Longitud: 85%09'55.0" O Altitud: 33 msnm,"De 7 a.md a7/amd 0,0","» De 7 a.r | | a7a.m + D4 06 08 0,0 o,",capturas_zoom135_20260928_092608\estacion_17_full_135pct.png,capturas_zoom135_20260928_092608\estacion_17_ROI_coords.png,capturas_zoom135_20260928_092608\estacion_17_ROI_lluvia.png,capturas_zoom135_20260928_092608\estacion_17_ROI_lluvia_op.png,Éxito,9/28/2026,,,
9/28/2026 9:26,Pacifico Norte,http://www.imn.ac.cr/especial/estacionTaboga.html,"Automática de Hacienda Taboga, Cañas, Guanacaste",10° 20' 45.0" N,10.345833,85° 10' 39.0" O,-85.1775,29,10.2,ROI_Lluvia_Estandar,,,,,Latitud: 100%20'45.0” N Longitud: 85%10'39.0" O Altitud: 29 msnm,"De 7 a.md a7amd 10,2","ME De 7 a.r + | a7a.m — 10,2",capturas_zoom135_20260928_092608\estacion_18_full_135pct.png,capturas_zoom135_20260928_092608\estacion_18_ROI_coords.png,capturas_zoom135_20260928_092608\estacion_18_ROI_lluvia.png,capturas_zoom135_20260928_092608\estacion_18_ROI_lluvia_op.png,Éxito,9/28/2026,,,
9/28/2026 9:26,Pacifico Norte,https://www.imn.ac.cr/especial/estacionLaCruz.html,Automática de la Cruz de Guanacaste,11° 3' 16.5" N,11.054583,,,241,0,ROI_Lluvia_Estandar,,,,,Latitud: 110%03'16.5" N Longitud: 85937'59.0" O Altitud: 241 msnm,"De 7 a.md a7amd 0,0",De 7 a.n | a 7 a.m | 2 04 06 08 0 10 0,capturas_zoom135_20260928_092608\estacion_19_full_135pct.png,capturas_zoom135_20260928_092608\estacion_19_ROI_coords.png,capturas_zoom135_20260928_092608\estacion_19_ROI_lluvia.png,capturas_zoom135_20260928_092608\estacion_19_ROI_lluvia_op.png,Éxito,9/28/2026,,,
9/28/2026 9:26,Pacifico Norte,http://www.imn.ac.cr/especial/estacionMangarica.html,"Automática de Mangarica, Liberia Guanacaste",10° 36' 20.0" N,10.605556,85° 27' 00.0" O,-85.45,134,0,ROI_Lluvia_Estandar,,,,,Latitud: 10036'20.0”" N Longitud: 85%27'00.0” O Altitud: 134 msnm,"De 7 a.md a 7 a.m de 0,0 m","NM De 7 a.r E a 7 a.m 2 D4 06 08 0,0 0,0",capturas_zoom135_20260928_092608\estacion_20_full_135pct.png,capturas_zoom135_20260928_092608\estacion_20_ROI_coords.png,capturas_zoom135_20260928_092608\estacion_20_ROI_lluvia.png,capturas_zoom135_20260928_092608\estacion_20_ROI_lluvia_op.png,Éxito,9/28/2026,,,
9/28/2026 9:26,Pacifico Norte,http://www.imn.ac.cr/especial/estacionMaritza.html,"Automática en el Volcán Orosi;, La Cruz, Guanacaste",10° 57' 31.6" N,10.958778,85° 29' 44.7" O,-85.49575,573,0.6,ROI_Lluvia_Estandar,,,,,Latitud: 10057'31.6" N Longitud: 85029'44.7" O Altitud: 573 msnm,"De 7 a.md a7/amd 0,6","EA De 7 a.r E a 7a.m O,",capturas_zoom135_20260928_092608\estacion_21_full_135pct.png,capturas_zoom135_20260928_092608\estacion_21_ROI_coords.png,capturas_zoom135_20260928_092608\estacion_21_ROI_lluvia.png,capturas_zoom135_20260928_092608\estacion_21_ROI_lluvia_op.png,Éxito,9/28/2026,,,
9/28/2026 9:26,Pacifico Norte,http://www.imn.ac.cr/especial/estacionlaGuinea.html,"Automática de Ingenio el Viejo, Filadelfia Guanacaste",10° 25' 09" N,10.419167,,,87,0.8,ROI_Lluvia_Estandar,,,,,Latitud: 10025'09" N Longitud: 85%28'"24" O Altitud: 87 msnm,"De 7 a.m d a 7 a.m de 0,8 mM","= De 7 a.r EN a / a.m O,",capturas_zoom135_20260928_092608\estacion_22_full_135pct.png,capturas_zoom135_20260928_092608\estacion_22_ROI_coords.png,capturas_zoom135_20260928_092608\estacion_22_ROI_lluvia.png,capturas_zoom135_20260928_092608\estacion_22_ROI_lluvia_op.png,Éxito,9/28/2026,,,
9/28/2026 9:26,Pacifico Norte,http://www.imn.ac.cr/especial/estacionNicoya.html,"Automática de Nicoya, Guanacaste",10° 8' 44" N,10.145556,85° 27' 07" O,-85.451944,130,,,,,,,Latitud: 10008'44" N Longitud: 85%27'07" O Altitud: 130 msnm,er E er,De 7 a.m de ayer a 7 a.m de hoy:,capturas_zoom135_20260928_092608\estacion_23_full_135pct.png,capturas_zoom135_20260928_092608\estacion_23_ROI_coords.png,capturas_zoom135_20260928_092608\estacion_23_ROI_lluvia.png,capturas_zoom135_20260928_092608\estacion_23_ROI_lluvia_op.png,Éxito,9/28/2026,,,
9/28/2026 9:26,Pacifico Norte,http://www.imn.ac.cr/especial/estacionOroceiba.html,"Automática de Oroceiba, Orotina, Alajuela",09° 53' 48" N,9.896667,,,133,1,ROI_Lluvia_Estandar,,,,,Latitud: 09053'48" N Longitud: 84936'00" O Altitud: 133 msnm,"De 7 a.md a7amd 1,0","ten De 7 a.r a a 7 a.m a 1,0",capturas_zoom135_20260928_092608\estacion_24_full_135pct.png,capturas_zoom135_20260928_092608\estacion_24_ROI_coords.png,capturas_zoom135_20260928_092608\estacion_24_ROI_lluvia.png,capturas_zoom135_20260928_092608\estacion_24_ROI_lluvia_op.png,Éxito,9/28/2026,,,
9/28/2026 9:26,Pacifico Norte,http://www.imn.ac.cr/especial/estacionMontezuma.html,"Automática de Palo Alto, Montezuma, Cañas, Guanacaste",10° 39' 52.6" N,10.664611,85° 4' 49.5" O,-85.080417,467,,,,,,,Latitud: 10039'52.6" N Longitud: 85%04'49.5" O Altitud: 467 msnm,er E er,De 7 a.m de ayer a 7 a.m de hoy:,capturas_zoom135_20260928_092608\estacion_25_full_135pct.png,capturas_zoom135_20260928_092608\estacion_25_ROI_coords.png,capturas_zoom135_20260928_092608\estacion_25_ROI_lluvia.png,capturas_zoom135_20260928_092608\estacion_25_ROI_lluvia_op.png,Éxito,9/28/2026,,,
9/28/2026 9:26,Pacifico Norte,http://www.imn.ac.cr/especial/estacionPaquera.html,"Automática de Paquera, Puntarenas",09° 49' 17.0" N,9.821389,,,39,0.2,ROI_Lluvia_Estandar,,,,,Latitud: 09049'17.0" N Longitud: 84956'18.0" O Altitud: 39 msnm,"De 7 a.md a7/amd 0,2","Ñ - De 7 a.r Ñ : a 7 a.m o 02 04 06 08 0,2 0",capturas_zoom135_20260928_092608\estacion_26_full_135pct.png,capturas_zoom135_20260928_092608\estacion_26_ROI_coords.png,capturas_zoom135_20260928_092608\estacion_26_ROI_lluvia.png,capturas_zoom135_20260928_092608\estacion_26_ROI_lluvia_op.png,Éxito,9/28/2026,,,
9/28/2026 9:26,Pacifico Norte,https://www.imn.ac.cr/especial/estacionNegritos.html,"Automática en Sitio el Aromal, Bagaces, Guanacaste",10° 23' 42.0" N,10.395,85° 19' 28.0" O,-85.324444,18,0.2,ROI_Lluvia_Estandar,,,,,Latitud: 10023'42.0" N Longitud: 85%19'28.0" O Altitud: 18 msnm,"De 7 a.md a7/amd 0,2","o ! De 7 a.r q a7/a.m 12 04 06 08 0,2",capturas_zoom135_20260928_092608\estacion_27_full_135pct.png,capturas_zoom135_20260928_092608\estacion_27_ROI_coords.png,capturas_zoom135_20260928_092608\estacion_27_ROI_lluvia.png,capturas_zoom135_20260928_092608\estacion_27_ROI_lluvia_op.png,Éxito,9/28/2026,,,
9/28/2026 9:26,Pacifico Norte,http://www.imn.ac.cr/especial/estacionPuntarenas.html,"Automática de Puntarenas, Puntarenas",09° 58' 21" N,9.9725,84° 49' 51" O,-84.830833,3,,,,,,,Latitud: 09058'21" N Longitud: 84%49'51" O Altitud: 3 msnm,,Radiación Horaria Máxima:,capturas_zoom135_20260928_092608\estacion_28_full_135pct.png,capturas_zoom135_20260928_092608\estacion_28_ROI_coords.png,capturas_zoom135_20260928_092608\estacion_28_ROI_lluvia.png,capturas_zoom135_20260928_092608\estacion_28_ROI_lluvia_op.png,Éxito,9/28/2026,,,
9/28/2026 9:26,Pacifico Norte,https://www.imn.ac.cr/especial/estacionCipanci.html,"Automática de Refugio Nacional de Vida Silvestre Cipancí, Cañas, Guanacaste",10° 12' 43.0" N,10.211944,85° 14' 4.00" O,-85.234444,3,0.2,ROI_Lluvia_Estandar,,,,,Latitud: 10012'43.0" N Longitud: 85%14'4.00" O Altitud: 3 msnm,"De 7 a.md a7/amd 0,2","o ! De 7 a.r q a7/a.m | 02 04 06 08. 0,2",capturas_zoom135_20260928_092608\estacion_29_full_135pct.png,capturas_zoom135_20260928_092608\estacion_29_ROI_coords.png,capturas_zoom135_20260928_092608\estacion_29_ROI_lluvia.png,capturas_zoom135_20260928_092608\estacion_29_ROI_lluvia_op.png,Éxito,9/28/2026,,,
9/28/2026 9:26,Pacifico Norte,http://www.imn.ac.cr/especial/estacionPinilla.html,Automática de Hacienda Pinilla,10° 15' 36.3" N,10.260083,85° 50' 16.0" O,-85.837778,29,0,ROI_Lluvia_Estandar,,,,,Latitud: 10015'36.3" N Longitud: 85%50'16.0" O Altitud: 29 msnm,"De 7 amd a7amd 0,0","» De 7 a.r | | a7a.m + D4 06 08 0,0 o,",capturas_zoom135_20260928_092608\estacion_30_full_135pct.png,capturas_zoom135_20260928_092608\estacion_30_ROI_coords.png,capturas_zoom135_20260928_092608\estacion_30_ROI_lluvia.png,capturas_zoom135_20260928_092608\estacion_30_ROI_lluvia_op.png,Éxito,9/28/2026,,,
9/28/2026 9:26,Pacifico Norte,http://www.imn.ac.cr/especial/estacionSanMateo.html,"Automática de San Mateo, Alajuela",09° 55' 54" N,9.931667,84° 31' 09" O,-84.519167,214,,,,,,,Latitud: 09055'54" N Longitud: 84031'09" O Altitud: 214 msnm,er E er,De 7 a.m de ayer a 7 a.m de hoy:,capturas_zoom135_20260928_092608\estacion_31_full_135pct.png,capturas_zoom135_20260928_092608\estacion_31_ROI_coords.png,capturas_zoom135_20260928_092608\estacion_31_ROI_lluvia.png,capturas_zoom135_20260928_092608\estacion_31_ROI_lluvia_op.png,Éxito,9/28/2026,,,
9/28/2026 9:26,Pacifico Norte,http://www.imn.ac.cr/especial/estacionStacecilia.html,"Automática de Santa Cecilia, La Cruz, Guanacaste",11° 4' 30.6" N,11.075167,85° 27' 12.4" O,-85.453444,314,,,,,,,Latitud: 11004'30.6" N Longitud: 85%27'12.4" O Altitud: 314 msnm,er E er,De 7 a.m de ayer a 7 a.m de hoy:,capturas_zoom135_20260928_092608\estacion_32_full_135pct.png,capturas_zoom135_20260928_092608\estacion_32_ROI_coords.png,capturas_zoom135_20260928_092608\estacion_32_ROI_lluvia.png,capturas_zoom135_20260928_092608\estacion_32_ROI_lluvia_op.png,Éxito,9/28/2026,,,
9/28/2026 9:26,Pacifico Norte,http://www.imn.ac.cr/especial/estacionStaElena.html,"Automática de Santa Elena, La Cruz, Guanacaste",10° 55' 11.9" N,10.919972,85° 36' 38.4" O,-85.610667,282,0,ROI_Lluvia_Estandar,,,,,Latitud: 10055'11.9" N Longitud: 85%36'38.4" O Altitud: 282 msnm,"De 7 a.md a7/amd 0,0","| De 7 a.r | a 7a.m | 04 06 08 10 0,0",capturas_zoom135_20260928_092608\estacion_33_full_135pct.png,capturas_zoom135_20260928_092608\estacion_33_ROI_coords.png,capturas_zoom135_20260928_092608\estacion_33_ROI_lluvia.png,capturas_zoom135_20260928_092608\estacion_33_ROI_lluvia_op.png,Éxito,9/28/2026,,,
9/28/2026 9:26,Pacifico Norte,http://www.imn.ac.cr/especial/estacionNandayure.html,Automática de Santa Rita de Nandayure Guanacaste,10° 1' 08" N,10.018889,85° 15' 43" O,-85.261944,46,0,ROI_Lluvia_Estandar,,,,,Latitud: 10%01'08" N Longitud: 85%15'43" O Altitud: 46 msnm,"De 7 amd a7amd 0,0","» De 7 a.r | | a7a.m + D4 06 08 0,0 o,",capturas_zoom135_20260928_092608\estacion_34_full_135pct.png,capturas_zoom135_20260928_092608\estacion_34_ROI_coords.png,capturas_zoom135_20260928_092608\estacion_34_ROI_lluvia.png,capturas_zoom135_20260928_092608\estacion_34_ROI_lluvia_op.png,Éxito,9/28/2026,,,
9/28/2026 9:26,Pacifico Norte,http://www.imn.ac.cr/especial/estacionstarosa.html,Automática de Santa Rosa Guanacaste,,,,,301,0,ROI_Lluvia_Estandar,,,,,Latitud: 10050'"28.0” N Longitud: 85937'10.0" O Altitud: 301 msnm,"De 7 a.md a7/amd 0,0","» De 7 a.r | | a7a.m + D4 06 08 0,0 o,",capturas_zoom135_20260928_092608\estacion_35_full_135pct.png,capturas_zoom135_20260928_092608\estacion_35_ROI_coords.png,capturas_zoom135_20260928_092608\estacion_35_ROI_lluvia.png,capturas_zoom135_20260928_092608\estacion_35_ROI_lluvia_op.png,Éxito,9/28/2026,,,
9/28/2026 9:26,Pacifico Norte,https://www.imn.ac.cr/especial/estacionSitioLaCruz.html,"Automática en Sitio La Cruz, Bagaces, Guanacaste",10° 28' 59.0" N,10.483056,85° 24' 51.0" O,-85.414167,20,0,ROI_Lluvia_Estandar,,,,,Latitud: 10028'59.0” N Longitud: 85%24'51.0" O Altitud: 20 msnm,"De 7 a.md a7/amd 0,0","» De 7 a.r | | a7a.m + D4 06 08 0,0 o,",capturas_zoom135_20260928_092608\estacion_36_full_135pct.png,capturas_zoom135_20260928_092608\estacion_36_ROI_coords.png,capturas_zoom135_20260928_092608\estacion_36_ROI_lluvia.png,capturas_zoom135_20260928_092608\estacion_36_ROI_lluvia_op.png,Éxito,9/28/2026,,,
9/28/2026 9:26,Pacifico Norte,http://www.imn.ac.cr/especial/estacionInvenio.html,"Automática de Universidad Invenio, Cañas, Guanacaste",10° 28' 35.8" N,10.476611,85° 3' 35.2" O,-85.059778,321,0,ROI_Lluvia_Estandar,,,,,Latitud: 10028'35.8" N Longitud: 85%03'35.2" O Altitud: 321 msnm,"De 7 a.md a7/amd 0,0","| De 7 a.r | a 7 a.m | 04 06 08 10 0,0",capturas_zoom135_20260928_092608\estacion_37_full_135pct.png,capturas_zoom135_20260928_092608\estacion_37_ROI_coords.png,capturas_zoom135_20260928_092608\estacion_37_ROI_lluvia.png,capturas_zoom135_20260928_092608\estacion_37_ROI_lluvia_op.png,Éxito,9/28/2026,,,
9/28/2026 9:26,Pacifico Norte,http://www.imn.ac.cr/especial/estacionStacruz.html,"Automática de la UCR Santa Cruz, Guanacaste",10° 17' 8.00" N,10.285556,85° 35' 30.0" O,-85.591667,41,0,ROI_Lluvia_Estandar,,,,,Latitud: 10%17'8.00” N Longitud: 85%35'30.0" O Altitud: 41 msnm,"De 7 a.md a 7 a.m de 0,0 m","» De 7 a.r | | a7a.m + D4 06 08 0,0 o,",capturas_zoom135_20260928_092608\estacion_38_full_135pct.png,capturas_zoom135_20260928_092608\estacion_38_ROI_coords.png,capturas_zoom135_20260928_092608\estacion_38_ROI_lluvia.png,capturas_zoom135_20260928_092608\estacion_38_ROI_lluvia_op.png,Éxito,9/28/2026,,,
9/28/2026 9:26,Pacifico Central,http://www.imn.ac.cr/especial/estacionArunachala.html,"Automática de Arunachala, Pérez Zeledón, San José",09° 24' 35.7" N,9.409917,83° 49' 56.1" O,-83.83225,1012,,,,,,,Latitud: 09024'35.7" N Longitud: 83%49'56.1" O Altitud: 1012 msnm,er E er,De 7 a.m de ayer a 7 a.m de hoy:,capturas_zoom135_20260928_092608\estacion_39_full_135pct.png,capturas_zoom135_20260928_092608\estacion_39_ROI_coords.png,capturas_zoom135_20260928_092608\estacion_39_ROI_lluvia.png,capturas_zoom135_20260928_092608\estacion_39_ROI_lluvia_op.png,Éxito,9/28/2026,,,
9/28/2026 9:26,Pacifico Central,https://www.imn.ac.cr/especial/estacionSangabriel.html,"Automática de Asada San Gabriel, Desamparados, San José",09° 47' 01.8" N,9.783833,84° 5' 46.7" O,-84.096306,,15.6,ROI_Lluvia_Estandar,,,,,atitud: 09%47'01.8" N ongitud: 84%05'46.7" O tud: 1525 msnm,"De 7 a.md a7amd 15,6","A De 7 a.r E... a 7 a.m AS | 15€ o,",capturas_zoom135_20260928_092608\estacion_40_full_135pct.png,capturas_zoom135_20260928_092608\estacion_40_ROI_coords.png,capturas_zoom135_20260928_092608\estacion_40_ROI_lluvia.png,capturas_zoom135_20260928_092608\estacion_40_ROI_lluvia_op.png,Éxito,9/28/2026,,,
9/28/2026 9:26,Pacifico Central,http://www.imn.ac.cr/especial/estacionCM.html,Automática del Cerro Buena Vista de Pérez Zeledón,09° 33' 36" N,9.56,830° 45' 13" O,-830.753611,3400,14,ROI_Lluvia_Estandar,,,,,Latitud: 09033'36" N Longitud: 830%45'13" O Altitud: 3400 msnm,"De 7 a.md a7amd 14,0","E De 7 a.r 00 a7a.m — 14,0 o,",capturas_zoom135_20260928_092608\estacion_41_full_135pct.png,capturas_zoom135_20260928_092608\estacion_41_ROI_coords.png,capturas_zoom135_20260928_092608\estacion_41_ROI_lluvia.png,capturas_zoom135_20260928_092608\estacion_41_ROI_lluvia_op.png,Éxito,9/28/2026,,,
9/28/2026 9:26,Pacifico Central,http://www.imn.ac.cr/especial/estacionTarrazu.html,"Automática de El Rodeo, Tarrazú, San José",09° 40' 34.4" N,9.676222,84° 1' 06.3" O,-84.018417,1647,,,,,,,Latitud: 090%40'34.4” N Longitud: 84%01'06.3" O Altitud: 1647 msnm,er E er,De 7 a.m de ayer a 7 a.m de hoy:,capturas_zoom135_20260928_092608\estacion_42_full_135pct.png,capturas_zoom135_20260928_092608\estacion_42_ROI_coords.png,capturas_zoom135_20260928_092608\estacion_42_ROI_lluvia.png,capturas_zoom135_20260928_092608\estacion_42_ROI_lluvia_op.png,Éxito,9/28/2026,,,
9/28/2026 9:26,Pacifico Central,http://www.imn.ac.cr/especial/estacionDamas.html,"Automática de Finca Damas, Quepos, Puntarenas",09° 29' 43" N,9.495278,840° 12' 53" O,-840.214722,12,27.4,ROI_Lluvia_Estandar,,,,,Latitud: 09029'43" N Longitud: 840%12'53" O Altitud: 12 msnm,"De 7 amd a7amd 27,4","2 | De 7 a.r E a 7 a.m A | 004 06 08 10 27,4",capturas_zoom135_20260928_092608\estacion_43_full_135pct.png,capturas_zoom135_20260928_092608\estacion_43_ROI_coords.png,capturas_zoom135_20260928_092608\estacion_43_ROI_lluvia.png,capturas_zoom135_20260928_092608\estacion_43_ROI_lluvia_op.png,Éxito,9/28/2026,,,
9/28/2026 9:26,Pacifico Central,http://www.imn.ac.cr/especial/estacionligia.html,"Automática la Ligia, Parrita, Puntarenas",09° 30' 46" N,9.512778,84° 20' 01" O,-84.333611,6,30.4,ROI_Lluvia_Estandar,,,,,Latitud: 09030'46" N Longitud: 84%20'01" O Altitud: 6 msnm,"De 7 a.md a7amd 30,4","E De 7 a.r y a /a.m o,",capturas_zoom135_20260928_092608\estacion_44_full_135pct.png,capturas_zoom135_20260928_092608\estacion_44_ROI_coords.png,capturas_zoom135_20260928_092608\estacion_44_ROI_lluvia.png,capturas_zoom135_20260928_092608\estacion_44_ROI_lluvia_op.png,Éxito,9/28/2026,,,
9/28/2026 9:26,Pacifico Central,http://www.imn.ac.cr/especial/estacionLucha.html,"Automática de la Lucha, León Cortés, San José",,,84° 0' 02" O,-84.000556,1740,2,ROI_Lluvia_Estandar,,,,,Latitud: 0904412" N Longitud: 84%00'02" O Altitud: 1740 msnm,"De 7 a.md a7/amd 2,0","P--18 De 7 a.r mt a /a.m e | 204 06 08 10 2,0 o,",capturas_zoom135_20260928_092608\estacion_45_full_135pct.png,capturas_zoom135_20260928_092608\estacion_45_ROI_coords.png,capturas_zoom135_20260928_092608\estacion_45_ROI_lluvia.png,capturas_zoom135_20260928_092608\estacion_45_ROI_lluvia_op.png,Éxito,9/28/2026,,,
9/28/2026 9:26,Pacifico Central,https://www.imn.ac.cr/especial/estacionquepos.html,"Automática de Marina Pez Vela, Quepos",09° 25' 34" N,9.426111,84° 10' 15" O,-84.170833,3,14,ROI_Lluvia_Estandar,,,,,Latitud: 09025'34" N Longitud: 84%10'15" O Altitud: 3 msnm,"De 7 a.md a / a.m de 14,0","be De 7 a.r E a 7 a.m 2 Una 06 08 1 4, ( 0,0 A",capturas_zoom135_20260928_092608\estacion_46_full_135pct.png,capturas_zoom135_20260928_092608\estacion_46_ROI_coords.png,capturas_zoom135_20260928_092608\estacion_46_ROI_lluvia.png,capturas_zoom135_20260928_092608\estacion_46_ROI_lluvia_op.png,Éxito,9/28/2026,,,
9/28/2026 9:26,Pacifico Central,http://www.imn.ac.cr/especial/estacionHerradura.html,"Automática de Herradura, Garabito, Puntarenas",09° 39' 0.9" N,9.65025,,,6,,,,,,,Latitud: 09039'0.9" N Longitud: 84939'59.3" O Altitud: 6 msnm,er E er,De 7 a.m de ayer a 7 a.m de hoy:,capturas_zoom135_20260928_092608\estacion_47_full_135pct.png,capturas_zoom135_20260928_092608\estacion_47_ROI_coords.png,capturas_zoom135_20260928_092608\estacion_47_ROI_lluvia.png,capturas_zoom135_20260928_092608\estacion_47_ROI_lluvia_op.png,Éxito,9/28/2026,,,
9/28/2026 9:26,Pacifico Sur,http://www.imn.ac.cr/especial/estacionAltamira.html,"Automática del Parque Nacional la Amistad, Buenos Aires, Puntarenas",09° 1' 45" N,9.029167,83° 0' 28" O,-83.007778,1370,4.8,ROI_Lluvia_Estandar,,,,,Latitud: 09001'45" N Longitud: 83%00'28" O Altitud: 1370 msnm,"De 7 a.md a7/amd 4,8","A De 7 a.r y a /a.m : i / o,",capturas_zoom135_20260928_092608\estacion_48_full_135pct.png,capturas_zoom135_20260928_092608\estacion_48_ROI_coords.png,capturas_zoom135_20260928_092608\estacion_48_ROI_lluvia.png,capturas_zoom135_20260928_092608\estacion_48_ROI_lluvia_op.png,Éxito,9/28/2026,,,
9/28/2026 9:26,Pacifico Sur,http://www.imn.ac.cr/especial/estacionGiro.html,"Automática de Cafetalera Giro San Vito, Coto Brus, Puntarenas",08° 49' 05" N,8.818056,820° 58' 16" O,-820.971111,1011,,,,,,,Latitud: 08%49'05" N Longitud: 820%58'16" O Altitud: 1011 msnm,er E er,De 7 a.m de ayer a 7 a.m de hoy:,capturas_zoom135_20260928_092608\estacion_49_full_135pct.png,capturas_zoom135_20260928_092608\estacion_49_ROI_coords.png,capturas_zoom135_20260928_092608\estacion_49_ROI_lluvia.png,capturas_zoom135_20260928_092608\estacion_49_ROI_lluvia_op.png,Éxito,9/28/2026,,,
9/28/2026 9:26,Pacifico Sur,http://www.imn.ac.cr/especial/estacionSanVito.html,"Automática de San Vito, Coto Brus",08° 49' 58" N,8.832778,82° 57' 10" O,-82.952778,1015,3.4,ROI_Lluvia_Estandar,,,,,Latitud: 08%49'58" N Longitud: 82%57'10" O Altitud: 1015 msnm,"De 7 a.md a7/amd 3,4","| De 7 a.r A a 7 a.m CA 3,4 o,",capturas_zoom135_20260928_092608\estacion_50_full_135pct.png,capturas_zoom135_20260928_092608\estacion_50_ROI_coords.png,capturas_zoom135_20260928_092608\estacion_50_ROI_lluvia.png,capturas_zoom135_20260928_092608\estacion_50_ROI_lluvia_op.png,Éxito,9/28/2026,,,
9/28/2026 9:26,Pacifico Sur,http://www.imn.ac.cr/especial/estacionChirripo.html,"Automática de Chirripó, Pérez Zeledón, San José",09° 27' 30.0" N,9.458333,83° 30' 29.3" O,-83.508139,3440,20,ROI_Lluvia_Estandar,,,,,Latitud: 09027'30.0" N Longitud: 83030'29.3" O Altitud: 3440 msnm,"De 7 a.md a7/amd 20,0","E De 7 a.r Si : a 7 a.m = DD 20, a",capturas_zoom135_20260928_092608\estacion_51_full_135pct.png,capturas_zoom135_20260928_092608\estacion_51_ROI_coords.png,capturas_zoom135_20260928_092608\estacion_51_ROI_lluvia.png,capturas_zoom135_20260928_092608\estacion_51_ROI_lluvia_op.png,Éxito,9/28/2026,,,
9/28/2026 9:26,Pacifico Sur,http://www.imn.ac.cr/especial/estacionCoto49.html,"Automática de Coto 49, Corredores, Puntarenas",08° 37' 52.3" N,8.631194,82° 58' 00.7" O,-82.966861,19,1.6,ROI_Lluvia_Estandar,,,,,Latitud: 08037'52.3" N Longitud: 82058'00.7" O Altitud: 19 msnm,"De 7 a.md a7/amd 1,6","Ela De 7 a.r 13 ' a / a.m 1 O | 02 04 06 08 1,6 O,",capturas_zoom135_20260928_092608\estacion_52_full_135pct.png,capturas_zoom135_20260928_092608\estacion_52_ROI_coords.png,capturas_zoom135_20260928_092608\estacion_52_ROI_lluvia.png,capturas_zoom135_20260928_092608\estacion_52_ROI_lluvia_op.png,Éxito,9/28/2026,,,
9/28/2026 9:26,Pacifico Sur,http://www.imn.ac.cr/especial/estacionJimenez.html,"Automática de Puerto Jiménez, Golfito, Puntarenas",08° 36' 3.5" N,8.600972,83° 25' 52.2" O,-83.431167,19,20.6,ROI_Lluvia_Estandar,,,,,Latitud: 08036'3.5”" N Longitud: 83%25'52.2" O Altitud: 19 msnm,"De 7 a.md a / a.m de 20,6 |","d--- De 7 a.r e a 7 a.m o,",capturas_zoom135_20260928_092608\estacion_53_full_135pct.png,capturas_zoom135_20260928_092608\estacion_53_ROI_coords.png,capturas_zoom135_20260928_092608\estacion_53_ROI_lluvia.png,capturas_zoom135_20260928_092608\estacion_53_ROI_lluvia_op.png,Éxito,9/28/2026,,,
9/28/2026 9:26,Pacifico Sur,http://www.imn.ac.cr/especial/estacionNeotropica.html,"Automática de la Fundación Neotrópica, Osa",08° 42' 02.9" N,8.700806,83° 30' 51.0" O,-83.514167,66,,,,,,,Latitud: 08%42'02.9" N Longitud: 83030'51.0" O Altitud: 66 msnm,er E er,De 7 a.m de ayer a 7 a.m de hoy:,capturas_zoom135_20260928_092608\estacion_54_full_135pct.png,capturas_zoom135_20260928_092608\estacion_54_ROI_coords.png,capturas_zoom135_20260928_092608\estacion_54_ROI_lluvia.png,capturas_zoom135_20260928_092608\estacion_54_ROI_lluvia_op.png,Éxito,9/28/2026,,,
9/28/2026 9:26,Pacifico Sur,http://www.imn.ac.cr/especial/estacionCrucesOET.html,Biológica,,,,,,,,,,,,,,,capturas_zoom135_20260928_092608\estacion_55_full_135pct.png,capturas_zoom135_20260928_092608\estacion_55_ROI_coords.png,capturas_zoom135_20260928_092608\estacion_55_ROI_lluvia.png,capturas_zoom135_20260928_092608\estacion_55_ROI_lluvia_op.png,Éxito,9/28/2026,,,
9/28/2026 9:26,Pacifico Sur,https://www.imn.ac.cr/especial/estacionLasBrisas.html,"Automática de Las Brisas, Coto Brus, Puntarenas",08° 52' 38.5" N,8.877361,,,1056,0,ROI_Lluvia_Estandar,,,,,Latitud: 08052'38.5" N Longitud: 820%53'"27.6" O Altitud: 1056 msnm,"De 7 a.md a7/amd 0,0","io De 7 a.r H a 7a.m TA 10 12 14 16 0,0 0",capturas_zoom135_20260928_092608\estacion_56_full_135pct.png,capturas_zoom135_20260928_092608\estacion_56_ROI_coords.png,capturas_zoom135_20260928_092608\estacion_56_ROI_lluvia.png,capturas_zoom135_20260928_092608\estacion_56_ROI_lluvia_op.png,Éxito,9/28/2026,,,
9/28/2026 9:26,Pacifico Sur,http://www.imn.ac.cr/especial/estacionLaurel.html,"Automática de Laurel, Corredores, Puntarenas",08° 28' 17.8" N,8.471611,82° 51' 38.2" O,-82.860611,25,11.4,ROI_Lluvia_Estandar,,,,,Latitud: 08%28'17.8" N Longitud: 82051'38.2” O Altitud: 25 msnm,"De 7 amd a7amd 11,4","-. De 7 a.r = a7a.m CS 11,4 0,",capturas_zoom135_20260928_092608\estacion_57_full_135pct.png,capturas_zoom135_20260928_092608\estacion_57_ROI_coords.png,capturas_zoom135_20260928_092608\estacion_57_ROI_lluvia.png,capturas_zoom135_20260928_092608\estacion_57_ROI_lluvia_op.png,Éxito,9/28/2026,,,
9/28/2026 9:26,Pacifico Sur,http://www.imn.ac.cr/especial/estacionMontecarlo.html,"Automática de Montecarlo, Pérez Zeledón, San José",09° 21' 29.3" N,9.358139,,,975,2,ROI_Lluvia_Estandar,,,,,Latitud: 09021'29.3" N Longitud: 83036'D3.8" O Altitud: 975 msnm,"De 7 a.md a7/amd 2,0",": M De 7 a.r a a7a.m TAE 2,0 o,",capturas_zoom135_20260928_092608\estacion_58_full_135pct.png,capturas_zoom135_20260928_092608\estacion_58_ROI_coords.png,capturas_zoom135_20260928_092608\estacion_58_ROI_lluvia.png,capturas_zoom135_20260928_092608\estacion_58_ROI_lluvia_op.png,Éxito,9/28/2026,,,
9/28/2026 9:26,Pacifico Sur,http://www.imn.ac.cr/especial/estacionMuseo.html,"Automática de Museo Las Esferas, Sierpe de Osa, Puntarenas",08° 54' 38.3" N,8.910639,83° 28' 45.6" O,-83.479333,9,0.4,ROI_Lluvia_Estandar,,,,,Latitud: 08%54'38.3" N Longitud: 83028'45.6" O Altitud: 9 msnm,"De 7 a.md a7/amd 0,4",pr De 7 a.r E a /a.m CL] 04 0,capturas_zoom135_20260928_092608\estacion_59_full_135pct.png,capturas_zoom135_20260928_092608\estacion_59_ROI_coords.png,capturas_zoom135_20260928_092608\estacion_59_ROI_lluvia.png,capturas_zoom135_20260928_092608\estacion_59_ROI_lluvia_op.png,Éxito,9/28/2026,,,
9/28/2026 9:26,Pacifico Sur,http://www.imn.ac.cr/especial/estacionPindeco.html,"Automática de Pindeco, Buenos Aires, Puntarenas",09° 8' 46.4" N,9.146222,83° 20' 06.0" O,-83.335,386,1.2,ROI_Lluvia_Estandar,,,,,Latitud: 09%08'46.4" N Longitud: 83%20'06.0" O Altitud: 386 msnm,"De 7 a.md a7/amd 1,2",B-] De 7 a.r 2. a 7 a.m AA 102 0,capturas_zoom135_20260928_092608\estacion_60_full_135pct.png,capturas_zoom135_20260928_092608\estacion_60_ROI_coords.png,capturas_zoom135_20260928_092608\estacion_60_ROI_lluvia.png,capturas_zoom135_20260928_092608\estacion_60_ROI_lluvia_op.png,Éxito,9/28/2026,,,
9/28/2026 9:26,Pacifico Sur,http://www.imn.ac.cr/especial/estacionGreggund.html,"Automática de Greg Gund, Golfito, Puntarenas",08° 24' 40.4" N,8.411222,830° 19' 13.6" O,-830.320444,235,,,,,,,Latitud: 08%24'40.4" N Longitud: 830%19'13.6" O Altitud: 235 msnm,er E er,De 7 a.m de ayer a 7 a.m de hoy:,capturas_zoom135_20260928_092608\estacion_61_full_135pct.png,capturas_zoom135_20260928_092608\estacion_61_ROI_coords.png,capturas_zoom135_20260928_092608\estacion_61_ROI_lluvia.png,capturas_zoom135_20260928_092608\estacion_61_ROI_lluvia_op.png,Éxito,9/28/2026,,,
9/28/2026 9:26,Pacifico Sur,https://www.imn.ac.cr/especial/estacionRioclaro.html,"Automática de Río Claro, Golfito, Puntarenas",08° 40' 26.6" N,8.674056,83° 3' 43.4" O,-83.062056,31,12.4,ROI_Lluvia_Estandar,,,,,Latitud: 08%40'26.6" N Longitud: 83%03'43.4” O Altitud: 31 msnm,"De 7 a.md a 7 a.m de 12,4",= De 7a.r i-- a7a.m AS 124,capturas_zoom135_20260928_092608\estacion_62_full_135pct.png,capturas_zoom135_20260928_092608\estacion_62_ROI_coords.png,capturas_zoom135_20260928_092608\estacion_62_ROI_lluvia.png,capturas_zoom135_20260928_092608\estacion_62_ROI_lluvia_op.png,Éxito,9/28/2026,,,
9/28/2026 9:26,Zona Norte,http://www.imn.ac.cr/especial/estacionfortuna.html,Automática de ADIFORT en la Fortuna de San Carlos,,,,,266,2,ROI_Lluvia_Estandar,,,,,Latitud: 10028'03... Longi... 84038'49... Altitud: 266 msnm,De / a. ¿/amd 2.0 m,: a 7/am Jl,capturas_zoom135_20260928_092608\estacion_63_full_135pct.png,capturas_zoom135_20260928_092608\estacion_63_ROI_coords.png,capturas_zoom135_20260928_092608\estacion_63_ROI_lluvia.png,capturas_zoom135_20260928_092608\estacion_63_ROI_lluvia_op.png,Éxito,9/28/2026,,,
9/28/2026 9:26,Zona Norte,http://www.imn.ac.cr/especial/estacionAeropzn.html,"Automática de Aeródromo Zona Norte, San Carlos, Alajuela",10° 29' 34.8" N,10.493,84° 25' 16.3" O,-84.421194,76,10.2,ROI_Lluvia_Estandar,,,,,Latitud: 10%29'34.8" N Longitud: 84%25'16.3" O Altitud: 76 msnm,"De 7 a.md a7a.md 10,2","3 De 7 a.r 1-1 a 7 a.m e 10,2",capturas_zoom135_20260928_092608\estacion_64_full_135pct.png,capturas_zoom135_20260928_092608\estacion_64_ROI_coords.png,capturas_zoom135_20260928_092608\estacion_64_ROI_lluvia.png,capturas_zoom135_20260928_092608\estacion_64_ROI_lluvia_op.png,Éxito,9/28/2026,,,
9/28/2026 9:26,Zona Norte,https://www.imn.ac.cr/especial/estacionGuatuso.html,Automática San Rafael de Guatuso de Alajuela,10° 41' 10.0" N,10.686111,84° 54' 37.0" O,-84.910278,160,0,ROI_Lluvia_Estandar,,,,,Latitud: 100%41'10.0" N Longitud: 84054'37.0” O Altitud: 160 msnm,"De 7 a.md a7/amd 0,0 n",IA De 7 a.n | | a 7 a.m : D4 06 08 0) / 0 0,capturas_zoom135_20260928_092608\estacion_65_full_135pct.png,capturas_zoom135_20260928_092608\estacion_65_ROI_coords.png,capturas_zoom135_20260928_092608\estacion_65_ROI_lluvia.png,capturas_zoom135_20260928_092608\estacion_65_ROI_lluvia_op.png,Éxito,9/28/2026,,,
9/28/2026 9:26,Zona Norte,http://www.imn.ac.cr/especial/estacionBalsa.html,"Automática de Balsa, San Ramón, Alajuela",10° 10' 28" N,10.174444,84° 29' 49" O,-84.496944,1113,,,,,,,Latitud: 10010'28" N Longitud: 84%29'49" O Altitud: 1113 msnm,De 7 a.md a / a.m de,"o De 7 a.r Pod a /a.m ri | TA 18,€ o,",capturas_zoom135_20260928_092608\estacion_66_full_135pct.png,capturas_zoom135_20260928_092608\estacion_66_ROI_coords.png,capturas_zoom135_20260928_092608\estacion_66_ROI_lluvia.png,capturas_zoom135_20260928_092608\estacion_66_ROI_lluvia_op.png,Éxito,9/28/2026,,,
9/28/2026 9:26,Zona Norte,http://www.imn.ac.cr/especial/estacionBetania.html,"Automática de Betania, Cutris, San Carlos, Alajuela",10° 38' 40.1" N,10.644472,84° 22' 55.5" O,-84.382083,89,0.2,ROI_Lluvia_Estandar,,,,,Latitud: 10038'40.1" N Longitud: 84022'55.5" O Altitud: 89 msnm,"De 7 a.md a7/amd 0,2","EY De 7 a.r Qe a 7 a.m o,",capturas_zoom135_20260928_092608\estacion_67_full_135pct.png,capturas_zoom135_20260928_092608\estacion_67_ROI_coords.png,capturas_zoom135_20260928_092608\estacion_67_ROI_lluvia.png,capturas_zoom135_20260928_092608\estacion_67_ROI_lluvia_op.png,Éxito,9/28/2026,,,
9/28/2026 9:26,Zona Norte,http://www.imn.ac.cr/especial/estacionSarapiqui.html,"Automática de Comando Sarapiquí, Sarapiquí, Heredia",10° 26' 42.5" N,10.445139,84° 0' 18.2" O,-84.005056,48,8,ROI_Lluvia_Estandar,,,,,Latitud: 10026'42.5" N Longitud: 84%00'18.2" O Altitud: 48 msnm,"De 7 amd a7amd 8,0","1 De 7 a.r cm: a 7a.m A ( Y D4 06 08 8,0 o,",capturas_zoom135_20260928_092608\estacion_68_full_135pct.png,capturas_zoom135_20260928_092608\estacion_68_ROI_coords.png,capturas_zoom135_20260928_092608\estacion_68_ROI_lluvia.png,capturas_zoom135_20260928_092608\estacion_68_ROI_lluvia_op.png,Éxito,9/28/2026,,,
9/28/2026 9:26,Zona Norte,http://www.imn.ac.cr/especial/estacionTirimbina.html,"Automática de El Bosque, Río Tirimbina, La Virgen de Sarapiquí, Heredia",10° 25' 2.00" N,10.417222,84° 7' 31.3" O,-84.125361,200,,,,,,,Latitud: 10025'2.00" N Longitud: 84%07'31.3" O Altitud: 200 msnm,er E er,De 7 a.m de ayer a 7 a.m de hoy:,capturas_zoom135_20260928_092608\estacion_69_full_135pct.png,capturas_zoom135_20260928_092608\estacion_69_ROI_coords.png,capturas_zoom135_20260928_092608\estacion_69_ROI_lluvia.png,capturas_zoom135_20260928_092608\estacion_69_ROI_lluvia_op.png,Éxito,9/28/2026,,,
9/28/2026 9:26,Zona Norte,http://www.imn.ac.cr/especial/estacionBrasilia.html,"Automática de Finca Brasilia del Oro, Upala, Alajuela",10° 58' 59.7" N,10.98325,85° 20' 50.0" O,-85.347222,381,0.2,ROI_Lluvia_Estandar,,,,,Latitud: 10058'59.7" N Longitud: 85%20'50.0" O Altitud: 381 msnm,"De 7 a.md a7/amd 0,2",A De 7 a.r apo a / a.m 02 04 -06 08 0 2 0,capturas_zoom135_20260928_092608\estacion_70_full_135pct.png,capturas_zoom135_20260928_092608\estacion_70_ROI_coords.png,capturas_zoom135_20260928_092608\estacion_70_ROI_lluvia.png,capturas_zoom135_20260928_092608\estacion_70_ROI_lluvia_op.png,Éxito,9/28/2026,,,
9/28/2026 9:26,Zona Norte,http://www.imn.ac.cr/especial/estacionHidroelectrica.html,"Automática Hidroeléctrica El General, Horquetas de Sarapiquí, Heredia",10° 12' 13.1" N,10.203639,83° 55' 59.4" O,-83.933167,483,46.2,ROI_Lluvia_Estandar,,,,,Latitud: 10012'13.1" N Longitud: 83055'59.4” O Altitud: 483 msnm,"De 7 a.md a 7 a.m de 46,2","E ll De 7 a.r a a /a.m O. 04 06 08 10 40,2",capturas_zoom135_20260928_092608\estacion_71_full_135pct.png,capturas_zoom135_20260928_092608\estacion_71_ROI_coords.png,capturas_zoom135_20260928_092608\estacion_71_ROI_lluvia.png,capturas_zoom135_20260928_092608\estacion_71_ROI_lluvia_op.png,Éxito,9/28/2026,,,
9/28/2026 9:26,Zona Norte,http://www.imn.ac.cr/especial/estacionHorquetas.html,"Automática de Horquetas de Sarapiquí, Heredia",10° 18' 33.7" N,10.309361,83° 56' 46.6" O,-83.946278,121,,,,,,,Latitud: 10018'33.7" N Longitud: 83056'46.6" O Altitud: 121 msnm,er E er,De 7 a.m de ayer a 7 a.m de hoy:,capturas_zoom135_20260928_092608\estacion_72_full_135pct.png,capturas_zoom135_20260928_092608\estacion_72_ROI_coords.png,capturas_zoom135_20260928_092608\estacion_72_ROI_lluvia.png,capturas_zoom135_20260928_092608\estacion_72_ROI_lluvia_op.png,Éxito,9/28/2026,,,
9/28/2026 9:26,Zona Norte,http://www.imn.ac.cr/especial/estacionPozoazul.html,"Automática de Hotel Pozo Azul, Sarapiquí, Heredia",10° 23' 8.90" N,10.385806,,,208,,,,,,,Latitud: 10023'8.90" N Longitud: 84%08"22.4" O Altitud: 208 msnm,er E er,De 7 a.m de ayer a 7 a.m de hoy:,capturas_zoom135_20260928_092608\estacion_73_full_135pct.png,capturas_zoom135_20260928_092608\estacion_73_ROI_coords.png,capturas_zoom135_20260928_092608\estacion_73_ROI_lluvia.png,capturas_zoom135_20260928_092608\estacion_73_ROI_lluvia_op.png,Éxito,9/28/2026,,,
9/28/2026 9:26,Zona Norte,http://www.imn.ac.cr/especial/estacionVblanca.html,"Automática de Hotel Villa Blanca, San Ramón, Alajuela",10° 12' 10" N,10.202778,84° 29' 02" O,-84.483889,,17,ROI_Lluvia_Estandar,,,,,Latitud: 10012'10" N Longitud: 84%29'02” O Altitud: — 1125 msnm,"De 7 a.md a7amd 17,0","A De 7 a.r E p/ ad CARS 17,0",capturas_zoom135_20260928_092608\estacion_74_full_135pct.png,capturas_zoom135_20260928_092608\estacion_74_ROI_coords.png,capturas_zoom135_20260928_092608\estacion_74_ROI_lluvia.png,capturas_zoom135_20260928_092608\estacion_74_ROI_lluvia_op.png,Éxito,9/28/2026,,,
9/28/2026 9:26,Zona Norte,http://www.imn.ac.cr/especial/estacionStaClara.html,"Automática del TEC, Sede Santa Clara, San Carlos, Alajuela",10° 21' 38.2" N,10.360611,,,167,0.6,ROI_Lluvia_Estandar,,,,,Latitud: 10021'38.2” N Longitud: 84930'48.4" O Altitud: 167 msnm,"De 7 a.md a7/amd 0,6 n",EY De 7 a.r Qe a 7 a.m o,capturas_zoom135_20260928_092608\estacion_75_full_135pct.png,capturas_zoom135_20260928_092608\estacion_75_ROI_coords.png,capturas_zoom135_20260928_092608\estacion_75_ROI_lluvia.png,capturas_zoom135_20260928_092608\estacion_75_ROI_lluvia_op.png,Éxito,9/28/2026,,,
9/28/2026 9:26,Zona Norte,http://www.imn.ac.cr/especial/estacionRebusca.html,"Automática Finca la Rebusca, Puerto Viejo, Heredia",10° 28' 28.3" N,10.474528,84° 0' 32.8" O,-84.009111,40,12.2,ROI_Lluvia_Estandar,,,,,Latitud: 10028'28.3" N Longitud: 84%00'32.8" O Altitud: 40 msnm,"De 7 amd a7amd 12,2","mM De 7 a.r E, a 7a.m E | 12,2 o,",capturas_zoom135_20260928_092608\estacion_76_full_135pct.png,capturas_zoom135_20260928_092608\estacion_76_ROI_coords.png,capturas_zoom135_20260928_092608\estacion_76_ROI_lluvia.png,capturas_zoom135_20260928_092608\estacion_76_ROI_lluvia_op.png,Éxito,9/28/2026,,,
9/28/2026 9:26,Zona Norte,http://www.imn.ac.cr/especial/estacionSelvaOET.html,Biológica,,,,,,,,,,,,,,,capturas_zoom135_20260928_092608\estacion_77_full_135pct.png,capturas_zoom135_20260928_092608\estacion_77_ROI_coords.png,capturas_zoom135_20260928_092608\estacion_77_ROI_lluvia.png,capturas_zoom135_20260928_092608\estacion_77_ROI_lluvia_op.png,Éxito,9/28/2026,,,
9/28/2026 9:26,Zona Norte,http://www.imn.ac.cr/especial/estacionDelicias.html,"Automática Las Delicias en San Carlos, Alajuela",10° 26' 39.0" N,10.444167,84° 18' 54.0" O,-84.315,140,4.6,ROI_Lluvia_Estandar,,,,,Latitud: 10%26'39.0" N Longitud: 84%18'54.0" O Altitud: 140 msnm,"De 7 a.md a7/amd 4,6","- E De 7 a.r A a /a.m a A 00 02 04 06 08 4,6 o,",capturas_zoom135_20260928_092608\estacion_79_full_135pct.png,capturas_zoom135_20260928_092608\estacion_79_ROI_coords.png,capturas_zoom135_20260928_092608\estacion_79_ROI_lluvia.png,capturas_zoom135_20260928_092608\estacion_79_ROI_lluvia_op.png,Éxito,9/28/2026,,,
9/28/2026 9:26,Zona Norte,http://www.imn.ac.cr/especial/estacionChiles.html,Automática de los Chiles de Alajuela,11° 1' 53.8" N,11.031611,84° 42' 41.5" O,-84.711528,40,0.2,ROI_Lluvia_Estandar,,,,,Latitud: 11001'53.8" N Longitud: 84%42'41.5" O Altitud: 40 msnm,"De 7 a.md a7amd 0,2","o De 7 a.r y a 7 a.m — A 0,2 o,",capturas_zoom135_20260928_092608\estacion_80_full_135pct.png,capturas_zoom135_20260928_092608\estacion_80_ROI_coords.png,capturas_zoom135_20260928_092608\estacion_80_ROI_lluvia.png,capturas_zoom135_20260928_092608\estacion_80_ROI_lluvia_op.png,Éxito,9/28/2026,,,
9/28/2026 9:26,Zona Norte,http://www.imn.ac.cr/especial/estacionMsagrada.html,"Automática Reserva Natural Montaña Sagrada, San Carlos, Alajuela",,,849° 21' 21.5" O,-849.355972,2035,,,,,,,Latitud: 10015'"27.6" N Longitud: 849%21'21.5" O Altitud: 2035 msnm,Lluvia Desd,la última hora:,capturas_zoom135_20260928_092608\estacion_81_full_135pct.png,capturas_zoom135_20260928_092608\estacion_81_ROI_coords.png,capturas_zoom135_20260928_092608\estacion_81_ROI_lluvia.png,capturas_zoom135_20260928_092608\estacion_81_ROI_lluvia_op.png,Éxito,9/28/2026,,,
9/28/2026 9:26,Zona Norte,https://www.imn.ac.cr/especial/estacionCanalete.html,"Automática de Canalete de Upala, Alajuela",,,,,,,,,,,,"N O Y ' > / . a Ds | Esta - '% s J : : A ' o 5, K ¡e dl ad Fis AS AY a P, y TE ta ma * Er. pa, He: 2",liza desde la parte Me A,ec A : La lectura se realiza des a e o,capturas_zoom135_20260928_092608\estacion_82_full_135pct.png,capturas_zoom135_20260928_092608\estacion_82_ROI_coords.png,capturas_zoom135_20260928_092608\estacion_82_ROI_lluvia.png,capturas_zoom135_20260928_092608\estacion_82_ROI_lluvia_op.png,Éxito,9/28/2026,,,
9/28/2026 9:26,Zona Norte,http://www.imn.ac.cr/especial/estacionSanGerardo.html,"Automática San Gerardo, La Virgen de Sarapiquí, Heredia",10° 24' 57.4" N,10.415944,84° 9' 29.1" O,-84.158083,178,,,,,,,Latitud: 10024'57.4" N Longitud: 84%09'29.1" O Altitud: 178 msnm,er E er,De 7 a.m de ayer a 7 a.m de hoy:,capturas_zoom135_20260928_092608\estacion_83_full_135pct.png,capturas_zoom135_20260928_092608\estacion_83_ROI_coords.png,capturas_zoom135_20260928_092608\estacion_83_ROI_lluvia.png,capturas_zoom135_20260928_092608\estacion_83_ROI_lluvia_op.png,Éxito,9/28/2026,,,
9/28/2026 9:26,Zona Norte,http://www.imn.ac.cr/especial/estacionSanVicente.html,"Automática de San Vicente, Ciudad Quesada, Alajuela",10° 16' 47.0" N,10.279722,,,1431,,,,,,,Latitud: 10016'47.0” N Longitud: 84923'40.0" O Altitud: 1431 msnm,er E er,De 7 a.m de ayer a 7 a.m de hoy:,capturas_zoom135_20260928_092608\estacion_84_full_135pct.png,capturas_zoom135_20260928_092608\estacion_84_ROI_coords.png,capturas_zoom135_20260928_092608\estacion_84_ROI_lluvia.png,capturas_zoom135_20260928_092608\estacion_84_ROI_lluvia_op.png,Éxito,9/28/2026,,,
9/28/2026 9:26,Zona Norte,http://www.imn.ac.cr/especial/estacionupala.html,"Automática de Upala, Alajuela",10° 52' 51.0" N,10.880833,,,60,0.2,ROI_Lluvia_Opcional,,,,,Latitud: 10052'51.0" N Longitud: 85%04"21.0" O Altitud: 60 msnm,De 7 a.md a7amd,"e : De 7 a.r io ] a 7a.m 3 A 06 08 0,2",capturas_zoom135_20260928_092608\estacion_85_full_135pct.png,capturas_zoom135_20260928_092608\estacion_85_ROI_coords.png,capturas_zoom135_20260928_092608\estacion_85_ROI_lluvia.png,capturas_zoom135_20260928_092608\estacion_85_ROI_lluvia_op.png,Éxito,9/28/2026,,,
9/28/2026 9:26,Zona Norte,http://www.imn.ac.cr/especial/estacionTenorio.html,"Automática de Volcán Tenorio, Guatuso, Alajuela",10° 42' 56" N,10.715556,84° 59' 13" O,-84.986944,680,0,ROI_Lluvia_Estandar,,,,,Latitud: 10042'56" N Longitud: 84059'13" O Altitud: 680 msnm,"De 7 a.md a7/amd 0,0","» De 7 a.r | | a7a.m + D4 06 08 0,0 o,",capturas_zoom135_20260928_092608\estacion_86_full_135pct.png,capturas_zoom135_20260928_092608\estacion_86_ROI_coords.png,capturas_zoom135_20260928_092608\estacion_86_ROI_lluvia.png,capturas_zoom135_20260928_092608\estacion_86_ROI_lluvia_op.png,Éxito,9/28/2026,,,
9/28/2026 9:26,Valle Central,http://www.imn.ac.cr/especial/estacioncoco.html,Automática del Tiempo Aeropuerto Juan Santamaría,09° 59' 21.0" N,9.989167,84° 13' 6.00" O,-84.218333,897,6.2,ROI_Lluvia_Estandar,,,,,Latitud: 09059'21.0" N Longitud: 84%13'6.00" O Altitud: 897 msnm,"De 7 a.m a7a.md 6,2","l: De 7 a. E: 1 a/a. 00 02 04 06 08 6,2 0)",capturas_zoom135_20260928_092608\estacion_87_full_135pct.png,capturas_zoom135_20260928_092608\estacion_87_ROI_coords.png,capturas_zoom135_20260928_092608\estacion_87_ROI_lluvia.png,capturas_zoom135_20260928_092608\estacion_87_ROI_lluvia_op.png,Éxito,9/28/2026,,,
9/28/2026 9:26,Valle Central,http://www.imn.ac.cr/especial/estacioncocoqnh07.html,,,,,,,,,,,,,Aeroná,A 5 son preliminares in con control de «,datos mostrados son pr (No cuentan con c,capturas_zoom135_20260928_092608\estacion_88_full_135pct.png,capturas_zoom135_20260928_092608\estacion_88_ROI_coords.png,capturas_zoom135_20260928_092608\estacion_88_ROI_lluvia.png,capturas_zoom135_20260928_092608\estacion_88_ROI_lluvia_op.png,Éxito,9/28/2026,,,
9/28/2026 9:26,Valle Central,http://www.imn.ac.cr/especial/estacioncoco25.html,Automática del Aeropuerto Juan Santamaría,09° 59' 43.0" N,9.995278,,,917,5,ROI_Lluvia_Estandar,,,,,Latitud: 09059'43.0" N Longitud: 84%12"7.00" O Altitud: 917 msnm,"De 7 a.m a7a.md 5,0 n","+ De 7 a. = a/a. 00 02 04 06 08 5,0 0",capturas_zoom135_20260928_092608\estacion_89_full_135pct.png,capturas_zoom135_20260928_092608\estacion_89_ROI_coords.png,capturas_zoom135_20260928_092608\estacion_89_ROI_lluvia.png,capturas_zoom135_20260928_092608\estacion_89_ROI_lluvia_op.png,Éxito,9/28/2026,,,
9/28/2026 9:26,Valle Central,http://www.imn.ac.cr/especial/estacioncocoqnh25.html,,,,,,,,,,,,,Aeroná,A 5 son preliminares in con control de «,datos mostrados son pr (No cuentan con c,capturas_zoom135_20260928_092608\estacion_90_full_135pct.png,capturas_zoom135_20260928_092608\estacion_90_ROI_coords.png,capturas_zoom135_20260928_092608\estacion_90_ROI_lluvia.png,capturas_zoom135_20260928_092608\estacion_90_ROI_lluvia_op.png,Éxito,9/28/2026,,,
9/28/2026 9:26,Valle Central,http://www.imn.ac.cr/especial/estacioncocomp.html,,,,,,,,,,,,,"Latitud: 09059'27"" Longitud: 84012'52"" Altitud: 900 msnr Velncidad Actu,",5 son preliminares in con control de «,datos mostrados son pr (No cuentan con c,capturas_zoom135_20260928_092608\estacion_91_full_135pct.png,capturas_zoom135_20260928_092608\estacion_91_ROI_coords.png,capturas_zoom135_20260928_092608\estacion_91_ROI_lluvia.png,capturas_zoom135_20260928_092608\estacion_91_ROI_lluvia_op.png,Éxito,9/28/2026,,,
9/28/2026 9:26,Valle Central,http://www.imn.ac.cr/especial/estacionAitbp09.html,Automática del Aeropuerto Tobías Bolaños en Pavas Oeste 09,09° 57' 26.3" N,9.957306,84° 8' 51.6" O,-84.147667,997,3,ROI_Lluvia_Estandar,,,,,Latitud: 09057'26.3" N Longitud: 84%08'51.6" O Altitud: 997 msnm,"De 7 a.md a7/amd 3,0","ia De 7 a.r + | a 7 a.m | 00 02 04 06 08 3,0 o,",capturas_zoom135_20260928_092608\estacion_92_full_135pct.png,capturas_zoom135_20260928_092608\estacion_92_ROI_coords.png,capturas_zoom135_20260928_092608\estacion_92_ROI_lluvia.png,capturas_zoom135_20260928_092608\estacion_92_ROI_lluvia_op.png,Éxito,9/28/2026,,,
9/28/2026 9:26,Valle Central,http://www.imn.ac.cr/especial/estacionAitbp09qnh.html,,,,,,,,,,,,,Aeronáu Y.,A 5 son preliminares in con control de «,datos mostrados son pr (No cuentan con c,capturas_zoom135_20260928_092608\estacion_93_full_135pct.png,capturas_zoom135_20260928_092608\estacion_93_ROI_coords.png,capturas_zoom135_20260928_092608\estacion_93_ROI_lluvia.png,capturas_zoom135_20260928_092608\estacion_93_ROI_lluvia_op.png,Éxito,9/28/2026,,,
9/28/2026 9:26,Valle Central,http://www.imn.ac.cr/especial/estacionPavas.html,Automática del Aeropuerto Tobías Bolaños en Pavas,,,,,,,,,,,,2,,,capturas_zoom135_20260928_092608\estacion_94_full_135pct.png,capturas_zoom135_20260928_092608\estacion_94_ROI_coords.png,capturas_zoom135_20260928_092608\estacion_94_ROI_lluvia.png,capturas_zoom135_20260928_092608\estacion_94_ROI_lluvia_op.png,Éxito,9/28/2026,,,
9/28/2026 9:26,Valle Central,http://www.imn.ac.cr/especial/estacionPavas2.html,,,,,,,,,,,,,Aeroná ",A 5 son preliminares in con control de «,datos mostrados son pr (No cuentan con c,capturas_zoom135_20260928_092608\estacion_95_full_135pct.png,capturas_zoom135_20260928_092608\estacion_95_ROI_coords.png,capturas_zoom135_20260928_092608\estacion_95_ROI_lluvia.png,capturas_zoom135_20260928_092608\estacion_95_ROI_lluvia_op.png,Éxito,9/28/2026,,,
9/28/2026 9:26,Valle Central,http://www.imn.ac.cr/especial/estacionAlfredoVolio.html,Automática de Alfredo Volio en Cartago,,,830° 57' 17.2" O,-830.954778,1592,23.2,ROI_Lluvia_Estandar,,,,,Latitud: 09054"31.0" N Longitud: 830%57'17.2" O Altitud: 1592 msnm,"De 7 a.md a7amd 23,2","NM De 7 a.r me a7a.m 23,2 o,",capturas_zoom135_20260928_092608\estacion_96_full_135pct.png,capturas_zoom135_20260928_092608\estacion_96_ROI_coords.png,capturas_zoom135_20260928_092608\estacion_96_ROI_lluvia.png,capturas_zoom135_20260928_092608\estacion_96_ROI_lluvia_op.png,Éxito,9/28/2026,,,
9/28/2026 9:26,Valle Central,http://www.imn.ac.cr/especial/estaciontablazo.html,"Automática de Deslizamiento el Tablazo, Desamparados, San José",09° 50' 12" N,9.836667,84° 3' 18" O,-84.055,1660,,,,,,,Latitud: 09050'12" N Longitud: 84%03'18" O Altitud: 1660 msnm,,O,capturas_zoom135_20260928_092608\estacion_97_full_135pct.png,capturas_zoom135_20260928_092608\estacion_97_ROI_coords.png,capturas_zoom135_20260928_092608\estacion_97_ROI_lluvia.png,capturas_zoom135_20260928_092608\estacion_97_ROI_lluvia_op.png,Éxito,9/28/2026,,,
9/28/2026 9:26,Valle Central,http://www.imn.ac.cr/especial/estacionBarrancas.html,"Automática de Barrancas, El Guarco, Cartago",09° 50' 17.75" N,9.838264,83° 57' 48.2" O,-83.963389,1400,,,,,,,Latitud: 09050'17.75" N Longitud: 83057'48.2" O Altitud: 1400 msnm,er E er,De 7 a.m de ayer a 7 a.m de hoy:,capturas_zoom135_20260928_092608\estacion_98_full_135pct.png,capturas_zoom135_20260928_092608\estacion_98_ROI_coords.png,capturas_zoom135_20260928_092608\estacion_98_ROI_lluvia.png,capturas_zoom135_20260928_092608\estacion_98_ROI_lluvia_op.png,Éxito,9/28/2026,,,
9/28/2026 9:26,Valle Central,http://www.imn.ac.cr/especial/estacionBelen.html,"Automática de Belén, Heredia",09° 58' 30.0" N,9.975,84° 11' 8.00" O,-84.185556,926,5.4,ROI_Lluvia_Estandar,,,,,Latitud: 09058'30.0” N Longitud: 84%11'8.00" O Altitud: 926 msnm,"De 7 a.md a7/amd 5,4","A De 7 a.r he a7a.m A | Y D4 06 08 5,4 o,",capturas_zoom135_20260928_092608\estacion_99_full_135pct.png,capturas_zoom135_20260928_092608\estacion_99_ROI_coords.png,capturas_zoom135_20260928_092608\estacion_99_ROI_lluvia.png,capturas_zoom135_20260928_092608\estacion_99_ROI_lluvia_op.png,Éxito,9/28/2026,,,
9/28/2026 9:26,Valle Central,https://www.imn.ac.cr/especial/estacionBibliotecaMSJ.html,"Automática de Biblioteca RAAG, Municipalidad de San José",09° 54' 46" N,9.912778,,,1200,0,ROI_Lluvia_Estandar,,,,,Latitud: 09054'46" N Longitud: 84%03'"29" O Altitud: 1200 msnm,"De 7 a.md a7/amd 0,0","| De 7 a.r | a 7 a.m | 02 04 06 08 0,0",capturas_zoom135_20260928_092608\estacion_100_full_135pct.png,capturas_zoom135_20260928_092608\estacion_100_ROI_coords.png,capturas_zoom135_20260928_092608\estacion_100_ROI_lluvia.png,capturas_zoom135_20260928_092608\estacion_100_ROI_lluvia_op.png,Éxito,9/28/2026,,,
9/28/2026 9:26,Valle Central,http://www.imn.ac.cr/especial/estacionBurio.html,"Automática El Burío, Aserrí, San José",,,84° 6' 45.0" O,-84.1125,1811,32.6,ROI_Lluvia_Estandar,,,,,Latitud: 09050'"25.0" N Longitud: 84%06'45.0" O Altitud: 1811 msnm,"De 7 a.md a7/amd 32,6","me De 7 a.r po a 7 a.m o,",capturas_zoom135_20260928_092608\estacion_101_full_135pct.png,capturas_zoom135_20260928_092608\estacion_101_ROI_coords.png,capturas_zoom135_20260928_092608\estacion_101_ROI_lluvia.png,capturas_zoom135_20260928_092608\estacion_101_ROI_lluvia_op.png,Éxito,9/28/2026,,,
9/28/2026 9:26,Valle Central,http://www.imn.ac.cr/especial/estacionCedral.html,"Automática de Cerro Cedral, Escazú, San José",09° 51' 41.1" N,9.861417,84° 8' 45.2" O,-84.145889,2255,5.4,ROI_Lluvia_Estandar,,,,,Latitud: 09051'41.1" N Longitud: 84%08'45.2" O Altitud: 2255 msnm,"De 7 a.md a7/amd 5,4","E De 7 a.r 3 a 7 a.m JO. _ o 8 20 22 00 02 5,4 5",capturas_zoom135_20260928_092608\estacion_102_full_135pct.png,capturas_zoom135_20260928_092608\estacion_102_ROI_coords.png,capturas_zoom135_20260928_092608\estacion_102_ROI_lluvia.png,capturas_zoom135_20260928_092608\estacion_102_ROI_lluvia_op.png,Éxito,9/28/2026,,,
9/28/2026 9:26,Valle Central,http://www.imn.ac.cr/especial/estacionchitaria.html,"Automática de Cerro Chitaria, Santa Ana, San José",09° 53' 30.0" N,9.891667,84° 11' 37.3" O,-84.193694,,88.1,ROI_Lluvia_Estandar,,,,,Latitud: 09053'30.0" N Longitud: 84011'37.3" O Altitud: — 1717 msnm,"578 88,1","- cla a /a.m DU a | J 22 00 02 04 89,1 J",capturas_zoom135_20260928_092608\estacion_103_full_135pct.png,capturas_zoom135_20260928_092608\estacion_103_ROI_coords.png,capturas_zoom135_20260928_092608\estacion_103_ROI_lluvia.png,capturas_zoom135_20260928_092608\estacion_103_ROI_lluvia_op.png,Éxito,9/28/2026,,,
9/28/2026 9:26,Valle Central,http://www.imn.ac.cr/especial/estacionJuco.html,Automática de Cerro Juco de Orosi en Paraiso de Cartago,09° 46' 31.5" N,9.775417,83° 51' 53.1" O,-83.86475,,7,ROI_Lluvia_Opcional,,,,,Latitud: 09046'31.5" N Longitud: 83051'53.1" O Altitud: — 1735 msnm,De 7 a.md a7/amd 7 0,": Mm De 7 a.r ho | a7a.m 7,0 o,",capturas_zoom135_20260928_092608\estacion_104_full_135pct.png,capturas_zoom135_20260928_092608\estacion_104_ROI_coords.png,capturas_zoom135_20260928_092608\estacion_104_ROI_lluvia.png,capturas_zoom135_20260928_092608\estacion_104_ROI_lluvia_op.png,Éxito,9/28/2026,,,
9/28/2026 9:26,Valle Central,http://www.imn.ac.cr/especial/estacionCigefi.html,"Automática de CIGEFI en Montes de Oca, San José",09° 56' 11.0" N,9.936389,84° 2' 43.0" O,-84.045278,1210,8.4,ROI_Lluvia_Estandar,,,,,Latitud: 09056'11.0" N Longitud: 84%02'43.0” O Altitud: 1210 msnm,"De 7 a.md a7/amd 8,4","E : De 7 a.r q a 7 a.m O | ( IZ 04 06 08 8,4 o,",capturas_zoom135_20260928_092608\estacion_105_full_135pct.png,capturas_zoom135_20260928_092608\estacion_105_ROI_coords.png,capturas_zoom135_20260928_092608\estacion_105_ROI_lluvia.png,capturas_zoom135_20260928_092608\estacion_105_ROI_lluvia_op.png,Éxito,9/28/2026,,,
9/28/2026 9:26,Valle Central,https://www.imn.ac.cr/especial/estacionCiudadninos.html,"Automática Ciudad de los Niños, Paraiso, Cartago",09° 50' 3.00" N,9.834167,,,1338,32.4,ROI_Lluvia_Estandar,,,,,Latitud: 09050'3.00" N Longitud: 83955'16.0” O Altitud: 1338 msnm,"De 7 a.md a7/amd 32,4","E- 3 De 7 a.r ie a /a.m | 100 02 04 06 08 32,4 o,",capturas_zoom135_20260928_092608\estacion_106_full_135pct.png,capturas_zoom135_20260928_092608\estacion_106_ROI_coords.png,capturas_zoom135_20260928_092608\estacion_106_ROI_lluvia.png,capturas_zoom135_20260928_092608\estacion_106_ROI_lluvia_op.png,Éxito,9/28/2026,,,
9/28/2026 9:26,Valle Central,http://www.imn.ac.cr/especial/estacionJudicial.html,"Automática de Ciudad Judicial, San Joaquín, Heredia",10° 0' 25.0" N,10.006944,84° 9' 50.0" O,-84.163889,1023,12.5,ROI_Lluvia_Estandar,,,,,Latitud: 10%00'25.0" N Longitud: 84%09'50.0" O Altitud: 1023 msnm,"De 7 amd a7amd 12,5","A De 7 a.r e a 7 a.m y E Una 06 08. 1 2, 5 1 Y",capturas_zoom135_20260928_092608\estacion_107_full_135pct.png,capturas_zoom135_20260928_092608\estacion_107_ROI_coords.png,capturas_zoom135_20260928_092608\estacion_107_ROI_lluvia.png,capturas_zoom135_20260928_092608\estacion_107_ROI_lluvia_op.png,Éxito,9/28/2026,,,
9/28/2026 9:26,Valle Central,http://www.imn.ac.cr/especial/estacionMuniStaAna.html,"Automática Centro Recuperacion Residuos Valorizables, Municipalidad de Santa Ana, San José",09° 56' 43.45" N,9.945403,84° 13' 01.82" O,-84.217172,830,4.2,ROI_Lluvia_Opcional,,,,,Latitud: 09056'43.45" N Longitud: 84%13'01.82" O Altitud: 830 msnm,De 7 a.md a7/amd 42,"=> De 7 a.r che a 7 a.m CA 4,2 o,",capturas_zoom135_20260928_092608\estacion_108_full_135pct.png,capturas_zoom135_20260928_092608\estacion_108_ROI_coords.png,capturas_zoom135_20260928_092608\estacion_108_ROI_lluvia.png,capturas_zoom135_20260928_092608\estacion_108_ROI_lluvia_op.png,Éxito,9/28/2026,,,
9/28/2026 9:26,Valle Central,https://www.imn.ac.cr/especial/estacionLindaVistadn.html,"Automática Linda Vista, Dulce Nombre, Cartago",09° 50' 18.79" N,9.838553,,,1380,,,,,,,"Latitud: 09050'18.79"" N Longitud: 83054'29,79"" O Altitud: 1380 msnm",er E er,De 7 a.m de ayer a 7 a.m de hoy:,capturas_zoom135_20260928_092608\estacion_109_full_135pct.png,capturas_zoom135_20260928_092608\estacion_109_ROI_coords.png,capturas_zoom135_20260928_092608\estacion_109_ROI_lluvia.png,capturas_zoom135_20260928_092608\estacion_109_ROI_lluvia_op.png,Éxito,9/28/2026,,,
9/28/2026 9:26,Valle Central,http://www.imn.ac.cr/especial/estacionFABIO.html,Automática Fabio Baudrit,10° 0' 18.0" N,10.005,84° 15' 56.0" O,-84.265556,840,5,ROI_Lluvia_Estandar,,,,,Latitud: 10000'18.0" N Longitud: 84%15'56.0" O Altitud: 840 msnm,"De 7 a.md a7/amd 5,0","A De 7 a.r 3 a 7/a.m 2 04 06 08 5,0 0",capturas_zoom135_20260928_092608\estacion_110_full_135pct.png,capturas_zoom135_20260928_092608\estacion_110_ROI_coords.png,capturas_zoom135_20260928_092608\estacion_110_ROI_lluvia.png,capturas_zoom135_20260928_092608\estacion_110_ROI_lluvia_op.png,Éxito,9/28/2026,,,
9/28/2026 9:26,Valle Central,https://www.imn.ac.cr/especial/estacionLoslotes.html,"Automática de Finca Los Lotes, Unión, Cartago",09° 56' 10.35" N,9.936208,83° 58' 20.73" O,-83.972425,1579,,,,,,,Latitud: 09056'10.35" N Longitud: 83058'20.73" O Altitud: 1579 msnm,er E er,De 7 a.m de ayer a 7 a.m de hoy:,capturas_zoom135_20260928_092608\estacion_111_full_135pct.png,capturas_zoom135_20260928_092608\estacion_111_ROI_coords.png,capturas_zoom135_20260928_092608\estacion_111_ROI_lluvia.png,capturas_zoom135_20260928_092608\estacion_111_ROI_lluvia_op.png,Éxito,9/28/2026,,,
9/28/2026 9:26,Valle Central,http://www.imn.ac.cr/especial/estacionMacaya.html,"Automática de Finca los Macayas, Goicoechea, San José",,,83° 58' 16.6" O,-83.971278,1685,,,,,,,Latitud: 09058"7.00” N Longitud: 83058'16.6" O Altitud: 1685 msnm,er E er,De 7 a.m de ayer a 7 a.m de hoy:,capturas_zoom135_20260928_092608\estacion_112_full_135pct.png,capturas_zoom135_20260928_092608\estacion_112_ROI_coords.png,capturas_zoom135_20260928_092608\estacion_112_ROI_lluvia.png,capturas_zoom135_20260928_092608\estacion_112_ROI_lluvia_op.png,Éxito,9/28/2026,,,
9/28/2026 9:26,Valle Central,http://www.imn.ac.cr/especial/estacion.html,Automática en el IMN en San José,09° 56' 16.6" N,9.937944,,,,6.4,ROI_Lluvia_Estandar,,,,,Latitud: 09056'16.6" N Longitud: 84%04"'11.0" O Altitud: — 1172 msnm,"De 7 a.md a7/amd 6,4","MA De 7 a.r 3 a /a.m O O 00 02 04 06 08 6,4 o,",capturas_zoom135_20260928_092608\estacion_113_full_135pct.png,capturas_zoom135_20260928_092608\estacion_113_ROI_coords.png,capturas_zoom135_20260928_092608\estacion_113_ROI_lluvia.png,capturas_zoom135_20260928_092608\estacion_113_ROI_lluvia_op.png,Éxito,9/28/2026,,,
9/28/2026 9:26,Valle Central,http://www.imn.ac.cr/especial/estacionCartago.html,"Automática del Instituto Tecnológico de Costa Rica, Cartago",09° 51' 8.00" N,9.852222,,,1360,29.4,ROI_Lluvia_Estandar,,,,,Latitud: 09051'8.00" N Longitud: 83954'31.0" O Altitud: 1360 msnm,"De 7 a.md a7amd 29,4","> De 7 a.r NA a 7 a.m E A 10 02 04 06 08 29,4 o,",capturas_zoom135_20260928_092608\estacion_114_full_135pct.png,capturas_zoom135_20260928_092608\estacion_114_ROI_coords.png,capturas_zoom135_20260928_092608\estacion_114_ROI_lluvia.png,capturas_zoom135_20260928_092608\estacion_114_ROI_lluvia_op.png,Éxito,9/28/2026,,,
9/28/2026 9:26,Valle Central,http://www.imn.ac.cr/especial/estacionIztaru.html,Automática de Iztarú Tres Rios Cartago,09° 53' 22.3" N,9.889528,83° 58' 08.2" O,-83.968944,1680,20.4,ROI_Lluvia_Estandar,,,,,Latitud: 09053'22.3" N Longitud: 83058'08.2" O Altitud: 1680 msnm,"De 7 a.md a7amd 20,4","ca De 7a.r E 04 06 08 10 20,4",capturas_zoom135_20260928_092608\estacion_115_full_135pct.png,capturas_zoom135_20260928_092608\estacion_115_ROI_coords.png,capturas_zoom135_20260928_092608\estacion_115_ROI_lluvia.png,capturas_zoom135_20260928_092608\estacion_115_ROI_lluvia_op.png,Éxito,9/28/2026,,,
9/28/2026 9:26,Valle Central,http://www.imn.ac.cr/especial/estacionJaboncillal.html,"Automática de Jaboncillal, Goichoechea, San José",09° 57' 21.0" N,9.955833,83° 58' 52.0" O,-83.981111,1643,,,,,,,Latitud: 09057'21.0" N Longitud: 83%58'52.0” O Altitud: 1643 msnm,er E er,De 7 a.m de ayer a 7 a.m de hoy:,capturas_zoom135_20260928_092608\estacion_116_full_135pct.png,capturas_zoom135_20260928_092608\estacion_116_ROI_coords.png,capturas_zoom135_20260928_092608\estacion_116_ROI_lluvia.png,capturas_zoom135_20260928_092608\estacion_116_ROI_lluvia_op.png,Éxito,9/28/2026,,,
9/28/2026 9:26,Valle Central,http://www.imn.ac.cr/especial/estacionFraijanes.html,"Automática de Laguna Fraijanes, Alajuela, Alajuela",10° 8' 14.0" N,10.137222,84° 11' 36.0" O,-84.193333,1740,11,ROI_Lluvia_Estandar,,,,,Latitud: 10%08'14.0" N Longitud: 84%11'36.0" O Altitud: 1740 msnm,"De 7 amd a7amd 11,0","El pe / al E a 7a.m 1 1,0 o,",capturas_zoom135_20260928_092608\estacion_117_full_135pct.png,capturas_zoom135_20260928_092608\estacion_117_ROI_coords.png,capturas_zoom135_20260928_092608\estacion_117_ROI_lluvia.png,capturas_zoom135_20260928_092608\estacion_117_ROI_lluvia_op.png,Éxito,9/28/2026,,,
9/28/2026 9:26,Valle Central,http://www.imn.ac.cr/especial/estacionLlanogrande.html,Automática de Llano Grande de Cartago,09° 56' 43.6" N,9.945444,83° 55' 18.2" O,-83.921722,2220,29.4,ROI_Lluvia_Estandar,,,,,Latitud: 09056'43.6" N Longitud: 83055'18.2" O Altitud: 2220 msnm,"De 7 a.md a7amd 29,4","xXx De 7 a.r o a 7 a.m A | 29,4 o,",capturas_zoom135_20260928_092608\estacion_118_full_135pct.png,capturas_zoom135_20260928_092608\estacion_118_ROI_coords.png,capturas_zoom135_20260928_092608\estacion_118_ROI_lluvia.png,capturas_zoom135_20260928_092608\estacion_118_ROI_lluvia_op.png,Éxito,9/28/2026,,,
9/28/2026 9:26,Valle Central,https://www.imn.ac.cr/especial/estacionPoas.html,"Automática del en el Volcán Poás, Alajuela",10° 11' 21.0" N,10.189167,84° 13' 54.0" O,-84.231667,2598,11,ROI_Lluvia_Estandar,,,,,Latitud: 10011'21.0" N Longitud: 84%13'54.0" O Altitud: 2598 msnm,"De 7 a.md a7amd 11,0","Y De 7 a.r a a 7 a.m TAS 11,0 0,",capturas_zoom135_20260928_092608\estacion_119_full_135pct.png,capturas_zoom135_20260928_092608\estacion_119_ROI_coords.png,capturas_zoom135_20260928_092608\estacion_119_ROI_lluvia.png,capturas_zoom135_20260928_092608\estacion_119_ROI_lluvia_op.png,Éxito,9/28/2026,,,
9/28/2026 9:26,Valle Central,http://www.imn.ac.cr/especial/estacionPacayas.html,"Automática de Pacayas, Alvarado, Cartago",09° 54' 55.2" N,9.915333,83° 48' 17.3" O,-83.804806,1712,66.6,ROI_Lluvia_Estandar,,,,,Latitud: 09054'55.2” N Longitud: 83%48'17.3" O Altitud: 1712 msnm,"De 7 a.md a 7 a.m de 66,6","2 | De 7 a.r E a7 a.m O 04 06 08 10 66,€",capturas_zoom135_20260928_092608\estacion_120_full_135pct.png,capturas_zoom135_20260928_092608\estacion_120_ROI_coords.png,capturas_zoom135_20260928_092608\estacion_120_ROI_lluvia.png,capturas_zoom135_20260928_092608\estacion_120_ROI_lluvia_op.png,Éxito,9/28/2026,,,
9/28/2026 9:26,Valle Central,http://www.imn.ac.cr/especial/estacionPatio.html,"Automática de Patio de Agua, Vásquez de Coronado San José",09° 58' 37" N,9.976944,83° 58' 12" O,-83.97,1690,,,,,,,Latitud: 09058'37" N Longitud: 83058'12" O Altitud: 1690 msnm,er E er,De 7 a.m de ayer a 7 a.m de hoy:,capturas_zoom135_20260928_092608\estacion_121_full_135pct.png,capturas_zoom135_20260928_092608\estacion_121_ROI_coords.png,capturas_zoom135_20260928_092608\estacion_121_ROI_lluvia.png,capturas_zoom135_20260928_092608\estacion_121_ROI_lluvia_op.png,Éxito,9/28/2026,,,
9/28/2026 9:26,Valle Central,https://www.imn.ac.cr/especial/estacionPlantelMSJ.html,"Automática Plantel, Municipalidad de San José, San José",09° 55' 49" N,9.930278,84° 5' 36" O,-84.093333,1137,,,,,,,Latitud: 09055'49" N Longitud: 84%05'36" O Altitud: 1137 msnm,er p:,De 7 a.m de ayer a 7 a.m de hoy:,capturas_zoom135_20260928_092608\estacion_122_full_135pct.png,capturas_zoom135_20260928_092608\estacion_122_ROI_coords.png,capturas_zoom135_20260928_092608\estacion_122_ROI_lluvia.png,capturas_zoom135_20260928_092608\estacion_122_ROI_lluvia_op.png,Éxito,9/28/2026,,,
9/28/2026 9:26,Valle Central,http://www.imn.ac.cr/especial/estacionGarita.html,"Automática de RECOPE La Garita, Alajuela",10° 0' 19.0" N,10.005278,84° 17' 45.0" O,-84.295833,740,0,ROI_Lluvia_Estandar,,,,,Latitud: 10%00'19.0" N Longitud: 84%17'45.0" O Altitud: 740 msnm,"De 7 amd a7amd 0,0","| De 7 a.r | a 7 a.m | 04 06 08 10 0,0",capturas_zoom135_20260928_092608\estacion_123_full_135pct.png,capturas_zoom135_20260928_092608\estacion_123_ROI_coords.png,capturas_zoom135_20260928_092608\estacion_123_ROI_lluvia.png,capturas_zoom135_20260928_092608\estacion_123_ROI_lluvia_op.png,Éxito,9/28/2026,,,
9/28/2026 9:26,Valle Central,https://www.imn.ac.cr/especial/estacionOchomogo.html,"Automática de Recope, Ochomogo, Cartago",09° 53' 40" N,9.894444,83° 56' 19.41" O,-83.938725,1546,12.6,ROI_Lluvia_Estandar,,,,,Latitud: 09053'40" N Longitud: 83056'19.41” O Altitud: 1546 msnm,"De 7 a.md a7amd 12,6","A De 7 a.r Xx a 7a.m | 12,6 0,0 A",capturas_zoom135_20260928_092608\estacion_124_full_135pct.png,capturas_zoom135_20260928_092608\estacion_124_ROI_coords.png,capturas_zoom135_20260928_092608\estacion_124_ROI_lluvia.png,capturas_zoom135_20260928_092608\estacion_124_ROI_lluvia_op.png,Éxito,9/28/2026,,,
9/28/2026 9:26,Valle Central,https://www.imn.ac.cr/especial/estacionMuniStaAnaBosques.html,"Automática Residencial Bosques, Municipalidad de Santa Ana, San José",09° 58' 03.76" N,9.967711,84° 11' 20.01" O,-84.188892,876,0.02,ROI_Lluvia_Opcional,,,,,Latitud: 09058'03.76" N Longitud: 84%11'20.01" O Altitud: 876 msnm,O A 06:00 a.m. no o,"0,02m el fondo del rio",capturas_zoom135_20260928_092608\estacion_125_full_135pct.png,capturas_zoom135_20260928_092608\estacion_125_ROI_coords.png,capturas_zoom135_20260928_092608\estacion_125_ROI_lluvia.png,capturas_zoom135_20260928_092608\estacion_125_ROI_lluvia_op.png,Éxito,9/28/2026,,,
9/28/2026 9:26,Valle Central,https://www.imn.ac.cr/especial/estacionMuniStaAnaParaiso.html,"Automática Residencial Paraíso, Municipalidad de Santa Ana, San José",09° 55' 40.6" N,9.927944,84° 12' 24.3" O,-84.20675,932,,,,,,,Latitud: 09055'40.6" N Longitud: 84%12'24.3" O Altitud: 932 msnm,er E er,De 7 a.m de ayer a 7 a.m de hoy:,capturas_zoom135_20260928_092608\estacion_126_full_135pct.png,capturas_zoom135_20260928_092608\estacion_126_ROI_coords.png,capturas_zoom135_20260928_092608\estacion_126_ROI_lluvia.png,capturas_zoom135_20260928_092608\estacion_126_ROI_lluvia_op.png,Éxito,9/28/2026,,,
9/28/2026 9:26,Valle Central,http://www.imn.ac.cr/especial/estacionSTB.html,Automática de Santa Bárbara de Heredia,,,84° 9' 57" O,-84.165833,1070,24,ROI_Lluvia_Estandar,,,,,Latitud: 10002'D0" N Longitud: 84%09'57" O Altitud: 1070 msnm,"De 7 a.md a7amd 24,0 |","de, De 7 a.r * a7 am AS 24,0",capturas_zoom135_20260928_092608\estacion_127_full_135pct.png,capturas_zoom135_20260928_092608\estacion_127_ROI_coords.png,capturas_zoom135_20260928_092608\estacion_127_ROI_lluvia.png,capturas_zoom135_20260928_092608\estacion_127_ROI_lluvia_op.png,Éxito,9/28/2026,,,
9/28/2026 9:26,Valle Central,http://www.imn.ac.cr/especial/estacionsantalucia.html,"Automática de Santa Lucía, UNA Heredia",10° 1' 22.8" N,10.023,84° 6' 42.3" O,-84.11175,,15.2,ROI_Lluvia_Estandar,,,,,Latitud: 10001'22.8" N Longitud: 84%06'42.3" O Altitud: — 1257 msnm,"De 7 amd a7amd 15,2","AZ De 7 a. + J a 7 a.m AS 04 06 08 10 15,2",capturas_zoom135_20260928_092608\estacion_128_full_135pct.png,capturas_zoom135_20260928_092608\estacion_128_ROI_coords.png,capturas_zoom135_20260928_092608\estacion_128_ROI_lluvia.png,capturas_zoom135_20260928_092608\estacion_128_ROI_lluvia_op.png,Éxito,9/28/2026,,,
9/28/2026 9:26,Valle Central,http://www.imn.ac.cr/especial/estacionPotrero.html,"Automática de Potrero Cerrado, Sartalillo de Cartago",09° 54' 8.00" N,9.902222,83° 53' 9.00" O,-83.885833,1943,24.4,ROI_Lluvia_Estandar,,,,,Latitud: 09054'8.00" N Longitud: 83%53'9.00” O Altitud: 1943 msnm,"De 7 a.md a7amd 24,4","e De 7 a.r ha a /a.m E A 0 02 04 06 08 24,4 o,",capturas_zoom135_20260928_092608\estacion_129_full_135pct.png,capturas_zoom135_20260928_092608\estacion_129_ROI_coords.png,capturas_zoom135_20260928_092608\estacion_129_ROI_lluvia.png,capturas_zoom135_20260928_092608\estacion_129_ROI_lluvia_op.png,Éxito,9/28/2026,,,
9/28/2026 9:26,Valle Central,http://www.imn.ac.cr/especial/estacionUPaz.html,"Automática Universidad de la Paz, Mora, San José",09° 55' 13.0" N,9.920278,84° 16' 22.0" O,-84.272778,818,1,ROI_Lluvia_Estandar,,,,,Latitud: 09055'13.0" N Longitud: 84%16'22.0" O Altitud: 818 msnm,"De 7 a.m a7amd 1,0","-. De 7a. ato | a/a. e 1,( 0)",capturas_zoom135_20260928_092608\estacion_130_full_135pct.png,capturas_zoom135_20260928_092608\estacion_130_ROI_coords.png,capturas_zoom135_20260928_092608\estacion_130_ROI_lluvia.png,capturas_zoom135_20260928_092608\estacion_130_ROI_lluvia_op.png,Éxito,9/28/2026,,,
9/28/2026 9:26,Valle Central,http://www.imn.ac.cr/especial/estacionUTN.html,"Automática de UTN, Atenas, Alajuela",09° 56' 8.00" N,9.935556,,,,3,ROI_Lluvia_Estandar,,,,,Latitud: 09056'8.00" N Longitud: 84922'47.3" O Altitud: — 437 msnm,"De 7 a.md a7/amd 3,0","E De 7 a.r ae a 7 a.m ""A | 02 04 06 08s 10 3,0 o,",capturas_zoom135_20260928_092608\estacion_131_full_135pct.png,capturas_zoom135_20260928_092608\estacion_131_ROI_coords.png,capturas_zoom135_20260928_092608\estacion_131_ROI_lluvia.png,capturas_zoom135_20260928_092608\estacion_131_ROI_lluvia_op.png,Éxito,9/28/2026,,,
9/28/2026 9:26,Valle Central,http://www.imn.ac.cr/especial/estacionVirazu.html,"Automática del Volcán Irazú, Alvarado, Cartago",09° 58' 48.0" N,9.98,83° 50' 16.1" O,-83.837806,3331,28.4,ROI_Lluvia_Estandar,,,,,Latitud: 09058'48.0" N Longitud: 83050'16.1" O Altitud: 3331 msnm,"De 7 a.m d a 7 a.m de 28,4","E De 7 a.r qe a7 am A 20,4 0%",capturas_zoom135_20260928_092608\estacion_132_full_135pct.png,capturas_zoom135_20260928_092608\estacion_132_ROI_coords.png,capturas_zoom135_20260928_092608\estacion_132_ROI_lluvia.png,capturas_zoom135_20260928_092608\estacion_132_ROI_lluvia_op.png,Éxito,9/28/2026,,,
9/28/2026 9:26,Caribe Norte,http://www.imn.ac.cr/especial/estacionCantagallo.html,"Automática de Canta Gallo, Cariari, Limón",10° 29' 49.0" N,10.496944,83° 40' 16.7" O,-83.671306,31,0,ROI_Lluvia_Estandar,,,,,Latitud: 10029'49.0" N Longitud: 83%40'16.7" O Altitud: 31 msnm,"De 7 a.md a7/amd 0,0","IM De 7 a.r E a 7 a.m 6 08 10 12 0,0 0,0",capturas_zoom135_20260928_092608\estacion_133_full_135pct.png,capturas_zoom135_20260928_092608\estacion_133_ROI_coords.png,capturas_zoom135_20260928_092608\estacion_133_ROI_lluvia.png,capturas_zoom135_20260928_092608\estacion_133_ROI_lluvia_op.png,Éxito,9/28/2026,,,
9/28/2026 9:26,Caribe Norte,http://www.imn.ac.cr/especial/estacionRoxana.html,"Automática de Caramba Farms, Roxana, Pococí",10° 16' 7.00" N,10.268611,83° 44' 47.0" O,-83.746389,113,,,,,,,Latitud: 10016'7.00" N Longitud: 83%44'47.0" O Altitud: 113 msnm,er E er,De 7 a.m de ayer a 7 a.m de hoy:,capturas_zoom135_20260928_092608\estacion_134_full_135pct.png,capturas_zoom135_20260928_092608\estacion_134_ROI_coords.png,capturas_zoom135_20260928_092608\estacion_134_ROI_lluvia.png,capturas_zoom135_20260928_092608\estacion_134_ROI_lluvia_op.png,Éxito,9/28/2026,,,
9/28/2026 9:26,Caribe Norte,http://www.imn.ac.cr/especial/estacionearth.html,Automática de La Earth,10° 12' 46.0" N,10.212778,82° 45' 40.5" O,-82.76125,10,57.6,ROI_Lluvia_Estandar,,,,,Latitud: 100%12'46.0" N Longitud: 82%45'40.5" O Altitud: 10 msnm,"De 7 a.md a 7 a.m de 57,6","se De 7 ar o a 7 a.m 57,6",capturas_zoom135_20260928_092608\estacion_135_full_135pct.png,capturas_zoom135_20260928_092608\estacion_135_ROI_coords.png,capturas_zoom135_20260928_092608\estacion_135_ROI_lluvia.png,capturas_zoom135_20260928_092608\estacion_135_ROI_lluvia_op.png,Éxito,9/28/2026,,,
9/28/2026 9:26,Caribe Norte,https://www.imn.ac.cr/especial/estacionFrutadePan.html,"Automática de Fruta de Pan, Guápiles, Limón",,,,,294,,,,,,,Latitud: 100... Long]... 83"... Altitud: 294 msnm,,De / a.m... a 7 a.m de...,capturas_zoom135_20260928_092608\estacion_136_full_135pct.png,capturas_zoom135_20260928_092608\estacion_136_ROI_coords.png,capturas_zoom135_20260928_092608\estacion_136_ROI_lluvia.png,capturas_zoom135_20260928_092608\estacion_136_ROI_lluvia_op.png,Éxito,9/28/2026,,,
9/28/2026 9:26,Caribe Norte,http://www.imn.ac.cr/especial/estacionMawamba.html,"Automática Hotel Mawamba, Tortuguero, Pococí, Limón",10° 33' 4.00" N,10.551111,,,8,,,,,,,Latitud: 10033'4.00" N Longitud: 83930"27.0" O Altitud: 8 msnm,0,,capturas_zoom135_20260928_092608\estacion_137_full_135pct.png,capturas_zoom135_20260928_092608\estacion_137_ROI_coords.png,capturas_zoom135_20260928_092608\estacion_137_ROI_lluvia.png,capturas_zoom135_20260928_092608\estacion_137_ROI_lluvia_op.png,Éxito,9/28/2026,,,
9/28/2026 9:26,Caribe Norte,https://www.imn.ac.cr/especial/estacionGuapiles.html,"Automática Finca Diamantes, Guápiles, Limón",10° 12' 42.2" N,10.211722,83° 46' 19.1" O,-83.771972,262,2,ROI_Lluvia_Estandar,,,,,Latitud: 10012'42.2” N Longitud: 83%46'19.1” O Altitud: 262 msnm,De 7 a.md a7/amd 2.0,": Y De 7 a.r : 3 a 7 a.m a 2,0 o,",capturas_zoom135_20260928_092608\estacion_138_full_135pct.png,capturas_zoom135_20260928_092608\estacion_138_ROI_coords.png,capturas_zoom135_20260928_092608\estacion_138_ROI_lluvia.png,capturas_zoom135_20260928_092608\estacion_138_ROI_lluvia_op.png,Éxito,9/28/2026,,,
9/28/2026 9:26,Caribe Norte,http://www.imn.ac.cr/especial/estacionRainforest.html,"Automática Rain Forest, Braulio Carrillo, Guápiles, Pococí, Limón",10° 10' 33.4" N,10.175944,83° 55' 4.50" O,-83.917917,516,,,,,,,Latitud: 10010'33.4" N Longitud: 83055'4.50" O Altitud: 516 msnm,er p:,De 7 a.m de ayer a 7 a.m de hoy:,capturas_zoom135_20260928_092608\estacion_139_full_135pct.png,capturas_zoom135_20260928_092608\estacion_139_ROI_coords.png,capturas_zoom135_20260928_092608\estacion_139_ROI_lluvia.png,capturas_zoom135_20260928_092608\estacion_139_ROI_lluvia_op.png,Éxito,9/28/2026,,,
9/28/2026 9:26,Caribe Sur,https://www.imn.ac.cr/especial/estacionlimon.html,Automática del Aeropuerto de Limón,09° 57' 43.0" N,9.961944,83° 1' 31.0" O,-83.025278,5,,,,,,,Latitud: 09057'43.0" N Longitud: 83%01'31.0" O Altitud: 5 msnm,De 7 a.md a7amd,"m7 : De 7 a.r q a7/a.m 0,",capturas_zoom135_20260928_092608\estacion_140_full_135pct.png,capturas_zoom135_20260928_092608\estacion_140_ROI_coords.png,capturas_zoom135_20260928_092608\estacion_140_ROI_lluvia.png,capturas_zoom135_20260928_092608\estacion_140_ROI_lluvia_op.png,Éxito,9/28/2026,,,
9/28/2026 9:26,Caribe Sur,http://www.imn.ac.cr/especial/estacionCatie.html,"Automática de CATIE, Turrialba, Cartago",,,,,610,14.8,ROI_Lluvia_Estandar,,,,,Latitud: 09053'"29.0” N Longitud: 83939'11.0” O Altitud: 610 msnm,"De 7 a.md a7amd 14,8",": Ml De 7 a.r + ] a 7 a.m o,",capturas_zoom135_20260928_092608\estacion_141_full_135pct.png,capturas_zoom135_20260928_092608\estacion_141_ROI_coords.png,capturas_zoom135_20260928_092608\estacion_141_ROI_lluvia.png,capturas_zoom135_20260928_092608\estacion_141_ROI_lluvia_op.png,Éxito,9/28/2026,,,
9/28/2026 9:26,Caribe Sur,http://www.imn.ac.cr/especial/estacionCTPlasuiza.html,"Automática CTP La Suiza, Turrialba, Cartago",,,,,616,,,,,,,Latitud: 09051'07.4... Longi... 83037'01.3... Altitud: 616 msnm,,De / a.m... a 7 a.m de...,capturas_zoom135_20260928_092608\estacion_142_full_135pct.png,capturas_zoom135_20260928_092608\estacion_142_ROI_coords.png,capturas_zoom135_20260928_092608\estacion_142_ROI_lluvia.png,capturas_zoom135_20260928_092608\estacion_142_ROI_lluvia_op.png,Éxito,9/28/2026,,,
9/28/2026 9:26,Caribe Sur,http://www.imn.ac.cr/especial/estacionPastora.html,"Automática Escuela La Pastora, Turrialba, Limón",09° 57' 47.8" N,9.963278,83° 45' 05.3" O,-83.751472,1691,,,,,,,Latitud: 09057'47.8" N Longitud: 83%45'05.3" O Altitud: 1691 msnm,Lluvia Desd,la última hora:,capturas_zoom135_20260928_092608\estacion_143_full_135pct.png,capturas_zoom135_20260928_092608\estacion_143_ROI_coords.png,capturas_zoom135_20260928_092608\estacion_143_ROI_lluvia.png,capturas_zoom135_20260928_092608\estacion_143_ROI_lluvia_op.png,Éxito,9/28/2026,,,
9/28/2026 9:26,Caribe Sur,http://www.imn.ac.cr/especial/estacionGavilanCanta.html,"Automática Gavilán Canta, Bratsi, Talamanca, Limón",09° 35' 41.3" N,9.594806,83° 1' 33.8" O,-83.026056,,32.9,ROI_Lluvia_Estandar,,,,,Latitud: 09035'41.3" N Longitud: 83%01'33.8" O Altitud: — 124 msnm,"De 7 a.m d a 7 a.m de 32,9","ay De 7 a.r y a / a.m O | 10 02 04 06 08 32,5 1 Y",capturas_zoom135_20260928_092608\estacion_144_full_135pct.png,capturas_zoom135_20260928_092608\estacion_144_ROI_coords.png,capturas_zoom135_20260928_092608\estacion_144_ROI_lluvia.png,capturas_zoom135_20260928_092608\estacion_144_ROI_lluvia_op.png,Éxito,9/28/2026,,,
9/28/2026 9:26,Caribe Sur,http://www.imn.ac.cr/especial/estacionHitoy.html,"Automática de Hitoy Cerere, Limón",,,,,170,,,,,,,Latitud: 09040'23.1... Longi... 83001'28.4".. Altitud: 170 msnm,,De / a.m... a 7 a.m de...,capturas_zoom135_20260928_092608\estacion_145_full_135pct.png,capturas_zoom135_20260928_092608\estacion_145_ROI_coords.png,capturas_zoom135_20260928_092608\estacion_145_ROI_lluvia.png,capturas_zoom135_20260928_092608\estacion_145_ROI_lluvia_op.png,Éxito,9/28/2026,,,
9/28/2026 9:26,Caribe Sur,http://www.imn.ac.cr/especial/estacionManzanillo.html,"Automática de Manzanillo, Talamanca, Limón",,,,,16,,,,,,,"Latitud: 09037'53,4” N Longitud: 82039'39,7"" O Altitud: 16 msnm",De 7 a.md a 7 a.m de,"po De 7 a.r 2% a7a.m A 0 10 o,",capturas_zoom135_20260928_092608\estacion_146_full_135pct.png,capturas_zoom135_20260928_092608\estacion_146_ROI_coords.png,capturas_zoom135_20260928_092608\estacion_146_ROI_lluvia.png,capturas_zoom135_20260928_092608\estacion_146_ROI_lluvia_op.png,Éxito,9/28/2026,,,
9/28/2026 9:26,Caribe Sur,https://www.imn.ac.cr/especial/estacionJuanVinas.html,"Automática Juan Viñas, Jiménez, Cartago; CONDICIONES ACTUALES DEL TIEMPO Estación Automática dei Juan Viñas, Jiménez, Cartago",09° 53' 46.0" N,9.896111,83° 44' 53.4" O,-83.748167,1181,25.8,ROI_Lluvia_Estandar,,,,,Latitud: 09053'46.0" N Longitud: 83%44'53.4" O Altitud: 1181 msnm,"Ns Ne 11101 De 7 a.m de a 7 a.m det 25,8 M","HU De 7 a.r da a 7 a.m A 25,0 '0M",capturas_zoom135_20260928_092608\estacion_147_full_135pct.png,capturas_zoom135_20260928_092608\estacion_147_ROI_coords.png,capturas_zoom135_20260928_092608\estacion_147_ROI_lluvia.png,capturas_zoom135_20260928_092608\estacion_147_ROI_lluvia_op.png,Éxito,9/28/2026,,,
9/28/2026 9:26,Caribe Sur,https://www.imn.ac.cr/especial/estacionMariaLuisa.html,"Automática Maria Luisa, Río Banano, Limón",09° 53' 39.1" N,9.894194,83° 6' 25.6" O,-83.107111,84,0,ROI_Lluvia_Estandar,,,,,Latitud: 09053'39.1" N Longitud: 83%06'25.6" O Altitud: 84 msnm,"De 7 a.md a 7 a.m de 0,0 m","| De 7 a.r || a /a.m ) 02 04 06 08) 0,0 0",capturas_zoom135_20260928_092608\estacion_148_full_135pct.png,capturas_zoom135_20260928_092608\estacion_148_ROI_coords.png,capturas_zoom135_20260928_092608\estacion_148_ROI_lluvia.png,capturas_zoom135_20260928_092608\estacion_148_ROI_lluvia_op.png,Éxito,9/28/2026,,,
9/28/2026 9:26,Caribe Sur,http://www.imn.ac.cr/especial/estacionMGuayabo.html,Automática de Monumento Nacional Guayabo en Turrialba de Cartago,09° 58' 10.0" N,9.969444,,,1105,14.6,ROI_Lluvia_Estandar,,,,,Latitud: 09058'10.0” N Longitud: 83%41'"21.0" O Altitud: 1105 msnm,"De 7 a.md a 7 a.m de 14,6",": Ml De 7 a.r + ] a 7 a.m o,",capturas_zoom135_20260928_092608\estacion_149_full_135pct.png,capturas_zoom135_20260928_092608\estacion_149_ROI_coords.png,capturas_zoom135_20260928_092608\estacion_149_ROI_lluvia.png,capturas_zoom135_20260928_092608\estacion_149_ROI_lluvia_op.png,Éxito,9/28/2026,,,
9/28/2026 9:26,Caribe Sur,http://www.imn.ac.cr/especial/estacionPtovargas.html,"Automática de Puerto Vargas Talamanca, Limón",09° 43' 54.0" N,9.731667,820° 48' 54.0" O,-820.815,10,,,,,,,Latitud: 09043'54.0" N Longitud: 820%48'54.0" O Altitud: 10 msnm,er E er,De 7 a.m de ayer a 7 a.m de hoy:,capturas_zoom135_20260928_092608\estacion_150_full_135pct.png,capturas_zoom135_20260928_092608\estacion_150_ROI_coords.png,capturas_zoom135_20260928_092608\estacion_150_ROI_lluvia.png,capturas_zoom135_20260928_092608\estacion_150_ROI_lluvia_op.png,Éxito,9/28/2026,,,
9/28/2026 9:26,Caribe Sur,http://www.imn.ac.cr/especial/estacionSitiomata.html,"Automática de Sitio Matas, Turrialba, Cartago",09° 52' 45.0" N,9.879167,,,848,10,ROI_Lluvia_Estandar,,,,,Latitud: 09052'45.0" N Longitud: 83937'33.0" O Altitud: 848 msnm,"De 7 a.md a7amd 10,0","+ De 7 a.r == a 7 a.m IA 10,0 o,",capturas_zoom135_20260928_092608\estacion_151_full_135pct.png,capturas_zoom135_20260928_092608\estacion_151_ROI_coords.png,capturas_zoom135_20260928_092608\estacion_151_ROI_lluvia.png,capturas_zoom135_20260928_092608\estacion_151_ROI_lluvia_op.png,Éxito,9/28/2026,,,
9/28/2026 9:26,Caribe Sur,http://www.imn.ac.cr/especial/estacionSixaola.html,"Automática de Sixaola, Talamanca, Limón",09° 31' 39.0" N,9.5275,82° 38' 1.00" O,-82.633611,99,0,ROI_Lluvia_Estandar,,,,,Latitud: 09031'39.0” N Longitud: 82038'1.00" O Altitud: 99 msnm,"De 7 a.md a7/amd 0,0","» De 7 a.r | | a7a.m + D4 06 08 0,0 o,",capturas_zoom135_20260928_092608\estacion_152_full_135pct.png,capturas_zoom135_20260928_092608\estacion_152_ROI_coords.png,capturas_zoom135_20260928_092608\estacion_152_ROI_lluvia.png,capturas_zoom135_20260928_092608\estacion_152_ROI_lluvia_op.png,Éxito,9/28/2026,,,
9/28/2026 9:26,Caribe Sur,http://www.imn.ac.cr/especial/estacionturri.html,"Automática de Turrialba, Cartago",,,,,630,,,,,,,Latitud: 09054"36... Longi... 83040'44... Altitud: 630 msnm,"De / a. a /7/a.m 19,","e De / O,",capturas_zoom135_20260928_092608\estacion_153_full_135pct.png,capturas_zoom135_20260928_092608\estacion_153_ROI_coords.png,capturas_zoom135_20260928_092608\estacion_153_ROI_lluvia.png,capturas_zoom135_20260928_092608\estacion_153_ROI_lluvia_op.png,Éxito,9/28/2026,,,
9/28/2026 9:26,Caribe Sur,http://www.imn.ac.cr/especial/estacionVturri.html,"Automática en el Volcán Turrialba, Turrialba de Cartago",,,,,,19.6,ROI_Lluvia_Estandar,,,,,Latitud: 10001'09... Longi... 83045'23... Altitud: 3343...,"De / a. a 7/a.m 19,6","bo Le / 13 O,",capturas_zoom135_20260928_092608\estacion_154_full_135pct.png,capturas_zoom135_20260928_092608\estacion_154_ROI_coords.png,capturas_zoom135_20260928_092608\estacion_154_ROI_lluvia.png,capturas_zoom135_20260928_092608\estacion_154_ROI_lluvia_op.png,Éxito,9/28/2026,,,
9/29/2026 7:47,Pacifico Norte,http://www.imn.ac.cr/especial/estacionLiberia2.html,,,,,,,,,,,,,Aeroná ',A 5 son preliminares in con control de «,datos mostrados son pr (No cuentan con c,capturas_zoom135_20260929_074740\estacion_2_full_135pct.png,capturas_zoom135_20260929_074740\estacion_2_ROI_coords.png,capturas_zoom135_20260929_074740\estacion_2_ROI_lluvia.png,capturas_zoom135_20260929_074740\estacion_2_ROI_lluvia_op.png,Éxito,9/29/2026,,,
9/29/2026 7:47,Pacifico Norte,http://www.imn.ac.cr/especial/estacionPuntarenas.html,"Automática de Puntarenas, Puntarenas",09° 58' 21" N,9.9725,84° 49' 51" O,-84.830833,3,,,,,,,Latitud: 09058'21" N Longitud: 84%49'51" O Altitud: 3 msnm,,Radiación Horaria Máxima:,capturas_zoom135_20260929_074740\estacion_28_full_135pct.png,capturas_zoom135_20260929_074740\estacion_28_ROI_coords.png,capturas_zoom135_20260929_074740\estacion_28_ROI_lluvia.png,capturas_zoom135_20260929_074740\estacion_28_ROI_lluvia_op.png,Éxito,9/29/2026,,,
9/29/2026 7:47,Pacifico Sur,http://www.imn.ac.cr/especial/estacionCrucesOET.html,Biológica,,,,,,,,,,,,,,,capturas_zoom135_20260929_074740\estacion_55_full_135pct.png,capturas_zoom135_20260929_074740\estacion_55_ROI_coords.png,capturas_zoom135_20260929_074740\estacion_55_ROI_lluvia.png,capturas_zoom135_20260929_074740\estacion_55_ROI_lluvia_op.png,Éxito,9/29/2026,,,
9/29/2026 7:47,Zona Norte,http://www.imn.ac.cr/especial/estacionSelvaOET.html,Biológica,,,,,,,,,,,,,,,capturas_zoom135_20260929_074740\estacion_77_full_135pct.png,capturas_zoom135_20260929_074740\estacion_77_ROI_coords.png,capturas_zoom135_20260929_074740\estacion_77_ROI_lluvia.png,capturas_zoom135_20260929_074740\estacion_77_ROI_lluvia_op.png,Éxito,9/29/2026,,,
9/29/2026 7:47,Zona Norte,http://www.imn.ac.cr/especial/estacionMsagrada.html,"Automática Reserva Natural Montaña Sagrada, San Carlos, Alajuela",,,849° 21' 21.5" O,-849.355972,2035,,,,,,,Latitud: 10015'"27.6" N Longitud: 849%21'21.5" O Altitud: 2035 msnm,Lluvia Desd,la última hora:,capturas_zoom135_20260929_074740\estacion_81_full_135pct.png,capturas_zoom135_20260929_074740\estacion_81_ROI_coords.png,capturas_zoom135_20260929_074740\estacion_81_ROI_lluvia.png,capturas_zoom135_20260929_074740\estacion_81_ROI_lluvia_op.png,Éxito,9/29/2026,,,
9/29/2026 7:47,Zona Norte,https://www.imn.ac.cr/especial/estacionCanalete.html,"Automática de Canalete de Upala, Alajuela",,,,,,,,,,,,"N O Y ' > / . a Ds | Esta - '% s J : : A ' o 5, K ¡e dl ad Fis AS AY a P, y TE ta ma * Er. pa, He: 2",liza desde la parte Me A,ec A : La lectura se realiza des a e o,capturas_zoom135_20260929_074740\estacion_82_full_135pct.png,capturas_zoom135_20260929_074740\estacion_82_ROI_coords.png,capturas_zoom135_20260929_074740\estacion_82_ROI_lluvia.png,capturas_zoom135_20260929_074740\estacion_82_ROI_lluvia_op.png,Éxito,9/29/2026,,,
9/29/2026 7:47,Valle Central,http://www.imn.ac.cr/especial/estacioncocoqnh07.html,,,,,,,,,,,,,Aeroná,A 5 son preliminares in con control de «,datos mostrados son pr (No cuentan con c,capturas_zoom135_20260929_074740\estacion_88_full_135pct.png,capturas_zoom135_20260929_074740\estacion_88_ROI_coords.png,capturas_zoom135_20260929_074740\estacion_88_ROI_lluvia.png,capturas_zoom135_20260929_074740\estacion_88_ROI_lluvia_op.png,Éxito,9/29/2026,,,
9/29/2026 7:47,Valle Central,http://www.imn.ac.cr/especial/estacioncocoqnh25.html,,,,,,,,,,,,,Aeroná,A 5 son preliminares in con control de «,datos mostrados son pr (No cuentan con c,capturas_zoom135_20260929_074740\estacion_90_full_135pct.png,capturas_zoom135_20260929_074740\estacion_90_ROI_coords.png,capturas_zoom135_20260929_074740\estacion_90_ROI_lluvia.png,capturas_zoom135_20260929_074740\estacion_90_ROI_lluvia_op.png,Éxito,9/29/2026,,,
9/29/2026 7:47,Valle Central,http://www.imn.ac.cr/especial/estacioncocomp.html,,,,,,,,,,,,,"Latitud: 09059'27"" Longitud: 84012'52"" Altitud: 900 msnr Velncidad Actu,",5 son preliminares in con control de «,datos mostrados son pr (No cuentan con c,capturas_zoom135_20260929_074740\estacion_91_full_135pct.png,capturas_zoom135_20260929_074740\estacion_91_ROI_coords.png,capturas_zoom135_20260929_074740\estacion_91_ROI_lluvia.png,capturas_zoom135_20260929_074740\estacion_91_ROI_lluvia_op.png,Éxito,9/29/2026,,,
9/29/2026 7:47,Valle Central,http://www.imn.ac.cr/especial/estacionAitbp09qnh.html,,,,,,,,,,,,,Aeronáu Y.,A 5 son preliminares in con control de «,datos mostrados son pr (No cuentan con c,capturas_zoom135_20260929_074740\estacion_93_full_135pct.png,capturas_zoom135_20260929_074740\estacion_93_ROI_coords.png,capturas_zoom135_20260929_074740\estacion_93_ROI_lluvia.png,capturas_zoom135_20260929_074740\estacion_93_ROI_lluvia_op.png,Éxito,9/29/2026,,,
9/29/2026 7:47,Valle Central,http://www.imn.ac.cr/especial/estacionPavas.html,Automática del Aeropuerto Tobías Bolaños en Pavas,,,,,,,,,,,,2,,,capturas_zoom135_20260929_074740\estacion_94_full_135pct.png,capturas_zoom135_20260929_074740\estacion_94_ROI_coords.png,capturas_zoom135_20260929_074740\estacion_94_ROI_lluvia.png,capturas_zoom135_20260929_074740\estacion_94_ROI_lluvia_op.png,Éxito,9/29/2026,,,
9/29/2026 7:47,Valle Central,http://www.imn.ac.cr/especial/estacionPavas2.html,,,,,,,,,,,,,Aeroná ",A 5 son preliminares in con control de «,datos mostrados son pr (No cuentan con c,capturas_zoom135_20260929_074740\estacion_95_full_135pct.png,capturas_zoom135_20260929_074740\estacion_95_ROI_coords.png,capturas_zoom135_20260929_074740\estacion_95_ROI_lluvia.png,capturas_zoom135_20260929_074740\estacion_95_ROI_lluvia_op.png,Éxito,9/29/2026,,,
9/29/2026 7:47,Valle Central,http://www.imn.ac.cr/especial/estaciontablazo.html,"Automática de Deslizamiento el Tablazo, Desamparados, San José",09° 50' 12" N,9.836667,84° 3' 18" O,-84.055,1660,,,,,,,Latitud: 09050'12" N Longitud: 84%03'18" O Altitud: 1660 msnm,,O,capturas_zoom135_20260929_074740\estacion_97_full_135pct.png,capturas_zoom135_20260929_074740\estacion_97_ROI_coords.png,capturas_zoom135_20260929_074740\estacion_97_ROI_lluvia.png,capturas_zoom135_20260929_074740\estacion_97_ROI_lluvia_op.png,Éxito,9/29/2026,,,
9/29/2026 7:47,Valle Central,https://www.imn.ac.cr/especial/estacionMuniStaAnaBosques.html,"Automática Residencial Bosques, Municipalidad de Santa Ana, San José",09° 58' 03.76" N,9.967711,84° 11' 20.01" O,-84.188892,876,0.02,ROI_Lluvia_Opcional,,,,,Latitud: 09058'03.76" N Longitud: 84%11'20.01" O Altitud: 876 msnm,O A 06:00 a.m. no o,"0,02m el fondo del rio",capturas_zoom135_20260929_074740\estacion_125_full_135pct.png,capturas_zoom135_20260929_074740\estacion_125_ROI_coords.png,capturas_zoom135_20260929_074740\estacion_125_ROI_lluvia.png,capturas_zoom135_20260929_074740\estacion_125_ROI_lluvia_op.png,Éxito,9/29/2026,,,
9/29/2026 7:47,Caribe Norte,http://www.imn.ac.cr/especial/estacionMawamba.html,"Automática Hotel Mawamba, Tortuguero, Pococí, Limón",10° 33' 4.00" N,10.551111,,,8,,,,,,,Latitud: 10033'4.00" N Longitud: 83930"27.0" O Altitud: 8 msnm,0,,capturas_zoom135_20260929_074740\estacion_137_full_135pct.png,capturas_zoom135_20260929_074740\estacion_137_ROI_coords.png,capturas_zoom135_20260929_074740\estacion_137_ROI_lluvia.png,capturas_zoom135_20260929_074740\estacion_137_ROI_lluvia_op.png,Éxito,9/29/2026,,,
9/29/2026 7:47,Caribe Sur,http://www.imn.ac.cr/especial/estacionPastora.html,"Automática Escuela La Pastora, Turrialba, Limón",09° 57' 47.8" N,9.963278,83° 45' 05.3" O,-83.751472,1691,,,,,,,Latitud: 09057'47.8" N Longitud: 83%45'05.3" O Altitud: 1691 msnm,Lluvia Desd,la última hora:,capturas_zoom135_20260929_074740\estacion_143_full_135pct.png,capturas_zoom135_20260929_074740\estacion_143_ROI_coords.png,capturas_zoom135_20260929_074740\estacion_143_ROI_lluvia.png,capturas_zoom135_20260929_074740\estacion_143_ROI_lluvia_op.png,Éxito,9/29/2026,,,
9/30/2026 20:14,Pacifico Norte,http://www.imn.ac.cr/especial/estacionLiberia.html,Automática del Aeropuerto Daniel Oduber en Liberia,,10.588889,,-85.552222,78,37.2,ROI_Lluvia_Estandar,,,,,,,,,,,,Éxito,9/29/2026,1,"De 7 a.md
a7/amd
37,2",3.16
9/30/2026 20:14,Pacifico Norte,http://www.imn.ac.cr/especial/estacionLiberia25.html,Automática del Aeropuerto Daniel Oduber en Liberia,,10.593333,,-85.537778,82,14.4,ROI_Lluvia_Estandar,,,,,,,,,,,,Éxito,9/29/2026,2,"De 7 a.md
a7/amd
14,4",3.13
9/30/2026 20:14,Pacifico Norte,http://www.imn.ac.cr/especial/estacionAranjuez.html,"Automática de Pithaya, Puntarenas, Puntarenas",,10.057889,,-84.806944,30,18.8,ROI_Lluvia_Estandar,,,,,,,,,,,,Éxito,9/29/2026,3,"De 7 a.md
a / a.m de
18,8",3.14
9/30/2026 20:14,Pacifico Norte,https://www.imn.ac.cr/especial/estacionSardinal.html,Automática de Sardinal de Carrillo en Guanacaste,,10.506667,,-85.696028,65,0,ROI_Lluvia_Estandar,,,,,,,,,,,,Éxito,9/29/2026,4,"De 7 a.md
a7amd
0,0",2.78
9/30/2026 20:14,Pacifico Norte,https://www.imn.ac.cr/especial/estacionGuayabo.html,Automática de Guayabo en la Fortuna de Bagaces de Guanacaste,,10.715,,-85.201111,532,1.4,ROI_Lluvia_Estandar,,,,,,,,,,,,Éxito,9/29/2026,5,"De 7 a.md
a7amd
1,4",2.98
9/30/2026 20:14,Pacifico Norte,https://www.imn.ac.cr/especial/estacionPilangosta.html,Automática de Hojancha en Guanacaste,,10.031944,,-85.405833,374,0.6,ROI_Full_Panel,,,,,,,,,,,,Éxito,9/29/2026,6,"De 7 a.md
a 7 a.m de | aq De 7 a.r
Ñ i a / a.m
0 | CONDICIONES ACTUALES DEL TIEMPO
Estación Automática de Hojancha en Guanacaste
- Esta página se auto",7.91
9/30/2026 20:14,Pacifico Norte,https://www.imn.ac.cr/especial/estacionStaMarta.html,Automática de Santa Marta de Hojancha en Guanacaste,,9.929722,,-85.430278,100,0.2,ROI_Lluvia_Estandar,,,,,,,,,,,,Éxito,9/29/2026,7,"De 7 a.md
a7/amd
0,2",6.48
9/30/2026 20:14,Pacifico Norte,https://www.imn.ac.cr/especial/estacionGarza.html,Automática Barco Quebradero,,9.916111,,-85.614444,24,23.8,ROI_Full_Panel,,,,,,,,,,,,Éxito,9/29/2026,8,"er
E | De 7 a.m de ayer
a 7 a.m de hoy: | CONDICIONES ACTUALES DEL TIEMPO
Estación Automática Barco Quebradero - Garza, Nosara, Guanacaste
- Esta pági",10.48
9/30/2026 20:14,Pacifico Norte,http://www.imn.ac.cr/especial/estacionHuacalito.html,Automática de Huacalito de Filadelfia en Carrillo Guanacaste,,10.393056,,-85.412778,65,0.4,ROI_Lluvia_Estandar,,,,,,,,,,,,Éxito,9/29/2026,9,"De 7 a.md
a7/amd
0,4",6.46
9/30/2026 20:14,Pacifico Norte,http://www.imn.ac.cr/especial/estacionBijagua.html,"Automática de Coopeguanacaste, Bijagua de Upala, Alajuela",,10.753167,,-85.055583,435,1.6,ROI_Lluvia_Estandar,,,,,,,,,,,,Éxito,9/29/2026,10,"De 7 a.md
a7/amd
1,6",5.14
9/30/2026 20:14,Pacifico Norte,http://www.imn.ac.cr/especial/estacionCopalchi.html,"Automática de Copalchí, La Cruz, Guanacaste",,11.200028,,-85.618583,58,0,ROI_Lluvia_Estandar,,,,,,,,,,,,Éxito,9/29/2026,11,"De 7 a.md
a7/amd
0,0",2.56
9/30/2026 20:14,Pacifico Norte,http://www.imn.ac.cr/especial/estacionPuraVida.html,"Automática en Dulce Nombre, Nicoya, Guanacaste",,10.095833,,-85.478333,180,0,ROI_Lluvia_Estandar,,,,,,,,,,,,Éxito,9/29/2026,12,"De 7 a.md
a7/amd
0,0",2.8
9/30/2026 20:14,Pacifico Norte,http://www.imn.ac.cr/especial/estacionpaloverde.html,"Automática de Palo Verde en Bagaces, Guanacaste",,10.3475,,-85.351111,10,3.6,ROI_Lluvia_Estandar,,,,,,,,,,,,Éxito,9/29/2026,13,"De 7 a.md
a7/amd
3,6",2.8
9/30/2026 20:14,Pacifico Norte,http://www.imn.ac.cr/especial/estacionLaCeiba.html,"Automática de Finca la Ceiba, Nicoya, Guanacaste",,10.111361,,-85.317611,64,7.4,ROI_Lluvia_Estandar,,,,,,,,,,,,Éxito,9/29/2026,14,"De 7 a.md
a7/amd
7,4",2.57
9/30/2026 20:14,Pacifico Norte,http://www.imn.ac.cr/especial/estacionGmastate.html,"Automática de Guayabal Mastate, Orotina, Alajuela",,9.9175,,-84.585278,185,0,ROI_Lluvia_Estandar,,,,,,,,,,,,Éxito,9/29/2026,15,"De 7 a.md
a7/amd
0,0",2.74
9/30/2026 20:14,Pacifico Norte,http://www.imn.ac.cr/especial/estacionMojica.html,"Automática de Hacienda Mojica, Bagaces, Guanacaste",,10.452778,,-85.165278,33,1.2,ROI_Lluvia_Estandar,,,,,,,,,,,,Éxito,9/29/2026,16,"De 7 a.md
a7/amd
1,2",2.74
9/30/2026 20:14,Pacifico Norte,http://www.imn.ac.cr/especial/estacionTaboga.html,"Automática de Hacienda Taboga, Cañas, Guanacaste",,10.345833,,-85.1775,29,0,ROI_Lluvia_Estandar,,,,,,,,,,,,Éxito,9/29/2026,17,"De 7 a.md
a7/amd
0,0",2.57
9/30/2026 20:14,Pacifico Norte,https://www.imn.ac.cr/especial/estacionLaCruz.html,Automática de la Cruz de Guanacaste,,11.054583,,-85.633056,241,0,ROI_Lluvia_Estandar,,,,,,,,,,,,Éxito,9/29/2026,18,"De 7 a.md
a7amd
0,0",2.75
9/30/2026 20:14,Pacifico Norte,http://www.imn.ac.cr/especial/estacionMangarica.html,"Automática de Mangarica, Liberia Guanacaste",,10.605556,,-85.45,134,5,ROI_Lluvia_Estandar,,,,,,,,,,,,Éxito,9/29/2026,19,"De 7 a.md
a7amd
5,0",2.75
9/30/2026 20:14,Pacifico Norte,http://www.imn.ac.cr/especial/estacionMaritza.html,"Automática en el Volcán Orosi;, La Cruz, Guanacaste",,10.958778,,-85.49575,573,5,ROI_Lluvia_Estandar,,,,,,,,,,,,Éxito,9/29/2026,20,"De 7 a.md
a7/amd
5,0",2.57
9/30/2026 20:14,Pacifico Norte,http://www.imn.ac.cr/especial/estacionlaGuinea.html,"Automática de Ingenio el Viejo, Filadelfia Guanacaste",,10.419167,,-85.473333,87,0.8,ROI_Lluvia_Estandar,,,,,,,,,,,,Éxito,9/29/2026,21,"De 7 a.m d
a 7 a.m de
0,8 mM",3.07
9/30/2026 20:14,Pacifico Norte,http://www.imn.ac.cr/especial/estacionNicoya.html,"Automática de Nicoya, Guanacaste",,10.145556,,-85.451944,130,23.2,ROI_Full_Panel,,,,,,,,,,,,Éxito,9/29/2026,22,"er
E | De 7 a.m de ayer
a 7 a.m de hoy: | CONDICIONES ACTUALES DEL TIEMPO
Estación Automática de Nicoya, Guanacaste
- Esta página se autorefresca cada",7.65
9/30/2026 20:14,Pacifico Norte,http://www.imn.ac.cr/especial/estacionOroceiba.html,"Automática de Oroceiba, Orotina, Alajuela",,9.896667,,-84.6,133,0,ROI_Lluvia_Estandar,,,,,,,,,,,,Éxito,9/29/2026,23,"De 7 a.md
a 7 a.m de
0,0 m",6.61
9/30/2026 20:14,Pacifico Norte,http://www.imn.ac.cr/especial/estacionMontezuma.html,"Automática de Palo Alto, Montezuma, Cañas, Guanacaste",,10.664611,,-85.080417,467,22.9,ROI_Full_Panel,,,,,,,,,,,,Éxito,9/29/2026,24,"er
E | De 7 a.m de ayer
a 7 a.m de hoy: | CONDICIONES ACTUALES DEL TIEMPO
Estación Automática de Palo Alto, Montezuma, Cañas, Guanacaste
- Esta página",10.14
9/30/2026 20:14,Pacifico Norte,http://www.imn.ac.cr/especial/estacionPaquera.html,"Automática de Paquera, Puntarenas",,9.821389,,-84.938333,39,0,ROI_Lluvia_Estandar,,,,,,,,,,,,Éxito,9/29/2026,25,"De 7 a.md
a7/amd
0,0",6.73
9/30/2026 20:14,Pacifico Norte,https://www.imn.ac.cr/especial/estacionNegritos.html,"Automática en Sitio el Aromal, Bagaces, Guanacaste",,10.395,,-85.324444,18,0.05,ROI_Full_Panel,,,,,,,,,,,,Éxito,9/29/2026,26,"De 7 a.md
a 7 a.m de
NAN | E--1] De 7 a.r
modo a 7a.m
-— NAN
o, | CONDICIONES ACTUALES DEL TIEMPO
Estación Automática en Sitio el Aromal, Bagaces, Gua",11.21
9/30/2026 20:14,Pacifico Norte,https://www.imn.ac.cr/especial/estacionCipanci.html,"Automática de Refugio Nacional de Vida Silvestre Cipancí, Cañas, Guanacaste",,10.211944,,-85.234444,3,0.2,ROI_Lluvia_Estandar,,,,,,,,,,,,Éxito,9/29/2026,27,"De 7 a.md
a7/amd
0,2",6.7
9/30/2026 20:14,Pacifico Norte,http://www.imn.ac.cr/especial/estacionPinilla.html,Automática de Hacienda Pinilla,,10.260083,,-85.837778,29,0,ROI_Lluvia_Estandar,,,,,,,,,,,,Éxito,9/29/2026,28,"De 7 amd
a7amd
0,0",5.53
9/30/2026 20:14,Pacifico Norte,http://www.imn.ac.cr/especial/estacionSanMateo.html,"Automática de San Mateo, Alajuela",,9.931667,,-84.519167,214,22.1,ROI_Full_Panel,,,,,,,,,,,,Éxito,9/29/2026,29,"er
E | De 7 a.m de ayer
a 7 a.m de hoy: | CONDICIONES ACTUALES DEL TIEMPO
Estación Automática de San Mateo, Alajuela
- Esta página se autorefresca cad",7.31
9/30/2026 20:14,Pacifico Norte,http://www.imn.ac.cr/especial/estacionStacecilia.html,"Automática de Santa Cecilia, La Cruz, Guanacaste",,11.075167,,-85.453444,314,22.9,ROI_Full_Panel,,,,,,,,,,,,Éxito,9/29/2026,30,"er
E | De 7 a.m de ayer
a 7 a.m de hoy: | CONDICIONES ACTUALES DEL TIEMPO
Estación Automática de Santa Cecilia, La Cruz, Guanacaste
- Esta página se a",10.8
9/30/2026 20:14,Pacifico Norte,http://www.imn.ac.cr/especial/estacionStaElena.html,"Automática de Santa Elena, La Cruz, Guanacaste",,10.919972,,-85.610667,282,0.6,ROI_Lluvia_Estandar,,,,,,,,,,,,Éxito,9/29/2026,31,"De 7 a.md
a7/amd
0,6",6.51
9/30/2026 20:14,Pacifico Norte,http://www.imn.ac.cr/especial/estacionNandayure.html,Automática de Santa Rita de Nandayure Guanacaste,,10.018889,,-85.261944,46,0,ROI_Lluvia_Estandar,,,,,,,,,,,,Éxito,9/29/2026,32,"De 7 amd
a7amd
0,0",5.5
9/30/2026 20:14,Pacifico Norte,http://www.imn.ac.cr/especial/estacionstarosa.html,Automática de Santa Rosa Guanacaste,,10.841111,,-85.619444,301,1.8,ROI_Lluvia_Estandar,,,,,,,,,,,,Éxito,9/29/2026,33,"De 7 a.md
a7/amd
1,8",5.23
9/30/2026 20:14,Pacifico Norte,https://www.imn.ac.cr/especial/estacionSitioLaCruz.html,"Automática en Sitio La Cruz, Bagaces, Guanacaste",,10.483056,,-85.414167,20,4.6,ROI_Lluvia_Opcional,,,,,,,,,,,,Éxito,9/29/2026,34,"De 7 a.md
a7/amd
456 | ee. De 7 a.r
+= a /7/a.m
MO Mal.
14 16 18 20 4,6
0)",2.86
9/30/2026 20:14,Pacifico Norte,http://www.imn.ac.cr/especial/estacionInvenio.html,"Automática de Universidad Invenio, Cañas, Guanacaste",,10.476611,,-85.059778,321,4.4,ROI_Lluvia_Estandar,,,,,,,,,,,,Éxito,9/29/2026,35,"De 7 a.md
a7/amd
4,4",2.87
9/30/2026 20:14,Pacifico Norte,http://www.imn.ac.cr/especial/estacionStacruz.html,"Automática de la UCR Santa Cruz, Guanacaste",,10.285556,,-85.591667,41,0,ROI_Lluvia_Estandar,,,,,,,,,,,,Éxito,9/29/2026,36,"De 7 a.md
a 7 a.m de
0,0 m",2.89
9/30/2026 20:14,Pacifico Central,http://www.imn.ac.cr/especial/estacionArunachala.html,"Automática de Arunachala, Pérez Zeledón, San José",,9.409917,,-83.83225,1012,18.2,ROI_Full_Panel,,,,,,,,,,,,Éxito,9/29/2026,37,"er
E | De 7 a.m de ayer
a 7 a.m de hoy: | CONDICIONES ACTUALES DEL TIEMPO
Estación Automática de Arunachala, Pérez Zeledón, San José
- Esta página se ",7
9/30/2026 20:14,Pacifico Central,https://www.imn.ac.cr/especial/estacionSangabriel.html,"Automática de Asada San Gabriel, Desamparados, San José",,9.783833,,-84.096306,1525,32.4,ROI_Lluvia_Estandar,,,,,,,,,,,,Éxito,9/29/2026,38,"De 7 a.md
a7amd
32,4",7.1
9/30/2026 20:14,Pacifico Central,http://www.imn.ac.cr/especial/estacionCM.html,Automática del Cerro Buena Vista de Pérez Zeledón,,9.56,,-83.753611,3400,28.2,ROI_Lluvia_Estandar,,,,,,,,,,,,Éxito,9/29/2026,39,"De 7 a.md
a / a.m de
28,2",7.09
9/30/2026 20:14,Pacifico Central,http://www.imn.ac.cr/especial/estacionTarrazu.html,"Automática de El Rodeo, Tarrazú, San José",,9.676222,,-84.018417,1647,14.1,ROI_Full_Panel,,,,,,,,,,,,Éxito,9/29/2026,40,"er
E | De 7 a.m de ayer
a 7 a.m de hoy: | CONDICIONES ACTUALES DEL TIEMPO
Estación Automática de El Rodeo, Tarrazú, San José
- Esta página se autorefr",7.64
9/30/2026 20:14,Pacifico Central,http://www.imn.ac.cr/especial/estacionDamas.html,"Automática de Finca Damas, Quepos, Puntarenas",,9.495278,,-84.214722,12,0,ROI_Lluvia_Estandar,,,,,,,,,,,,Éxito,9/29/2026,41,"De 7 a.md
a7/amd
0,0",6.58
9/30/2026 20:14,Pacifico Central,http://www.imn.ac.cr/especial/estacionligia.html,"Automática la Ligia, Parrita, Puntarenas",,9.512778,,-84.333611,6,0.2,ROI_Lluvia_Estandar,,,,,,,,,,,,Éxito,9/29/2026,42,"De 7 a.md
a7/amd
0,2",6.56
9/30/2026 20:14,Pacifico Central,http://www.imn.ac.cr/especial/estacionLucha.html,"Automática de la Lucha, León Cortés, San José",,9.736667,,-84.000556,1740,24.2,ROI_Lluvia_Estandar,,,,,,,,,,,,Éxito,9/29/2026,43,"De 7 a.md
a7amd
24,2",2.87
9/30/2026 20:14,Pacifico Central,https://www.imn.ac.cr/especial/estacionquepos.html,"Automática de Marina Pez Vela, Quepos",,9.426111,,-84.170833,3,0,ROI_Lluvia_Estandar,,,,,,,,,,,,Éxito,9/29/2026,44,"De 7 a.md
a7amd
0,0",2.87
9/30/2026 20:14,Pacifico Central,http://www.imn.ac.cr/especial/estacionHerradura.html,"Automática de Herradura, Garabito, Puntarenas",,9.65025,,-84.666472,6,29.8,ROI_Full_Panel,,,,,,,,,,,,Éxito,9/29/2026,45,"er
E | De 7 a.m de ayer
a 7 a.m de hoy: | CONDICIONES ACTUALES DEL TIEMPO
Estación Automática de Herradura, Garabito, Puntarenas
- Esta página se auto",7.14
9/30/2026 20:14,Pacifico Sur,http://www.imn.ac.cr/especial/estacionAltamira.html,"Automática del Parque Nacional la Amistad, Buenos Aires, Puntarenas",,9.029167,,-83.007778,1370,41.4,ROI_Lluvia_Estandar,,,,,,,,,,,,Éxito,9/29/2026,46,"De 7 amd
a7amd
41,4",5.29
9/30/2026 20:14,Pacifico Sur,http://www.imn.ac.cr/especial/estacionGiro.html,"Automática de Cafetalera Giro San Vito, Coto Brus, Puntarenas",,8.818056,,-82.971111,1011,18.9,ROI_Full_Panel,,,,,,,,,,,,Éxito,9/29/2026,47,"er
E | De 7 a.m de ayer
a 7 a.m de hoy: | CONDICIONES ACTUALES DEL TIEMPO
Estación Automática de Cafetalera Giro San Vito, Coto Brus, Puntarenas
- Est",10.32
9/30/2026 20:14,Pacifico Sur,http://www.imn.ac.cr/especial/estacionSanVito.html,"Automática de San Vito, Coto Brus",,8.832778,,-82.952778,1015,29,ROI_Lluvia_Estandar,,,,,,,,,,,,Éxito,9/29/2026,48,"De 7 a.md
a / a.m de
29,0 |",6.99
9/30/2026 20:14,Pacifico Sur,http://www.imn.ac.cr/especial/estacionChirripo.html,"Automática de Chirripó, Pérez Zeledón, San José",,9.458333,,-83.508139,3440,17,ROI_Lluvia_Estandar,,,,,,,,,,,,Éxito,9/29/2026,49,"De 7 a.md
a7/amd
17,0",5.96
9/30/2026 20:14,Pacifico Sur,http://www.imn.ac.cr/especial/estacionCoto49.html,"Automática de Coto 49, Corredores, Puntarenas",,8.631194,,-82.966861,19,5.2,ROI_Lluvia_Estandar,,,,,,,,,,,,Éxito,9/29/2026,50,"De 7 a.md
a7/amd
5,2",2.73
9/30/2026 20:14,Pacifico Sur,http://www.imn.ac.cr/especial/estacionJimenez.html,"Automática de Puerto Jiménez, Golfito, Puntarenas",,8.600972,,-83.431167,19,0,ROI_Lluvia_Estandar,,,,,,,,,,,,Éxito,9/29/2026,51,"De 7 a.md
a7/amd
0,0",3.15
9/30/2026 20:14,Pacifico Sur,http://www.imn.ac.cr/especial/estacionNeotropica.html,"Automática de la Fundación Neotrópica, Osa",,8.700806,,-83.514167,66,23.8,ROI_Full_Panel,,,,,,,,,,,,Éxito,9/29/2026,52,"er
E | De 7 a.m de ayer
a 7 a.m de hoy: | CONDICIONES ACTUALES DEL TIEMPO
Estación Automática de la Fundación Neotrópica, Osa
- Esta página se autoref",6.95
9/30/2026 20:14,Pacifico Sur,https://www.imn.ac.cr/especial/estacionLasBrisas.html,"Automática de Las Brisas, Coto Brus, Puntarenas",,8.877361,,-82.891,1056,0,ROI_Lluvia_Estandar,,,,,,,,,,,,Éxito,9/29/2026,53,"De 7 a.md
a7/amd
0,0",6.04
9/30/2026 20:14,Pacifico Sur,http://www.imn.ac.cr/especial/estacionLaurel.html,"Automática de Laurel, Corredores, Puntarenas",,8.471611,,-82.860611,25,0.2,ROI_Lluvia_Estandar,,,,,,,,,,,,Éxito,9/29/2026,54,"De 7 a.md
a7/amd
0,2",4.68
9/30/2026 20:14,Pacifico Sur,http://www.imn.ac.cr/especial/estacionMontecarlo.html,"Automática de Montecarlo, Pérez Zeledón, San José",,9.358139,,-83.601056,975,31.4,ROI_Lluvia_Estandar,,,,,,,,,,,,Éxito,9/29/2026,55,"De 7 amd
a7amd
31,4",2.65
9/30/2026 20:14,Pacifico Sur,http://www.imn.ac.cr/especial/estacionMuseo.html,"Automática de Museo Las Esferas, Sierpe de Osa, Puntarenas",,8.910639,,-83.479333,9,13.8,ROI_Lluvia_Estandar,,,,,,,,,,,,Éxito,9/29/2026,56,"De 7 a.md
a7amd
13,8",2.9
9/30/2026 20:14,Pacifico Sur,http://www.imn.ac.cr/especial/estacionPindeco.html,"Automática de Pindeco, Buenos Aires, Puntarenas",,9.146222,,-83.335,386,1,ROI_Lluvia_Estandar,,,,,,,,,,,,Éxito,9/29/2026,57,"De 7 a.md
a7/amd
1,0",2.91
9/30/2026 20:14,Pacifico Sur,http://www.imn.ac.cr/especial/estacionGreggund.html,"Automática de Greg Gund, Golfito, Puntarenas",,8.411222,,-83.320444,235,22.7,ROI_Full_Panel,,,,,,,,,,,,Éxito,9/29/2026,58,"er
E | De 7 a.m de ayer
a 7 a.m de hoy: | CONDICIONES ACTUALES DEL TIEMPO
Estación Automática de Greg Gund, Golfito, Puntarenas
- Esta página se autor",7.09
9/30/2026 20:14,Pacifico Sur,https://www.imn.ac.cr/especial/estacionRioclaro.html,"Automática de Río Claro, Golfito, Puntarenas",,8.674056,,-83.062056,31,2.4,ROI_Lluvia_Opcional,,,,,,,,,,,,Éxito,9/29/2026,59,"De 7 a.md
a7amd | E De 7 a.r

E a 7 a.m
| — 2,4
O,",6.47
9/30/2026 20:14,Zona Norte,http://www.imn.ac.cr/especial/estacionfortuna.html,Automática de ADIFORT en la Fortuna de San Carlos,,10.4675,,-84.646944,266,50,ROI_Lluvia_Opcional,,,,,,,,,,,,Éxito,9/29/2026,60,"e 7 a.m de
7 a.m de | HE De 7 a.m
q a 7 amd
AN

14 16 18 20 50,0
0,",6.46
9/30/2026 20:14,Zona Norte,http://www.imn.ac.cr/especial/estacionAeropzn.html,"Automática de Aeródromo Zona Norte, San Carlos, Alajuela",,10.493,,-84.421194,76,37.2,ROI_Lluvia_Estandar,,,,,,,,,,,,Éxito,9/29/2026,61,"De 7 a.md
a7a.md
37,2",3.16
9/30/2026 20:14,Zona Norte,https://www.imn.ac.cr/especial/estacionGuatuso.html,Automática San Rafael de Guatuso de Alajuela,,10.686111,,-84.910278,160,15.8,ROI_Lluvia_Estandar,,,,,,,,,,,,Éxito,9/29/2026,62,"De 7 a.md
a7/amd
15,8 |",2.91
9/30/2026 20:14,Zona Norte,http://www.imn.ac.cr/especial/estacionBalsa.html,"Automática de Balsa, San Ramón, Alajuela",,10.174444,,-84.496944,1113,0,ROI_Full_Panel,,,,,,,,,,,,Éxito,9/29/2026,63,"De 7 a.md
a7/amd
7 0 | mi De 7 a.r
Ni a 7 a.m
) — / 10
o, | CONDICIONES ACTUALES DEL TIEMPO
Estación Automática de Balsa, San Ramón, Alajuela
- Esta p",6.78
9/30/2026 20:14,Zona Norte,http://www.imn.ac.cr/especial/estacionBetania.html,"Automática de Betania, Cutris, San Carlos, Alajuela",,10.644472,,-84.382083,89,2,ROI_Lluvia_Estandar,,,,,,,,,,,,Éxito,9/29/2026,64,"De 7 a.md
a7/amd
2.0",4.98
9/30/2026 20:14,Zona Norte,http://www.imn.ac.cr/especial/estacionSarapiqui.html,"Automática de Comando Sarapiquí, Sarapiquí, Heredia",,10.445139,,-84.005056,48,40.8,ROI_Lluvia_Estandar,,,,,,,,,,,,Éxito,9/29/2026,65,"De 7 a.md
a 7 a.m de
40,8",4.76
9/30/2026 20:14,Zona Norte,http://www.imn.ac.cr/especial/estacionTirimbina.html,"Automática de El Bosque, Río Tirimbina, La Virgen de Sarapiquí, Heredia",,10.417222,,-84.125361,200,25.1,ROI_Full_Panel,,,,,,,,,,,,Éxito,9/29/2026,66,"er
E | De 7 a.m de ayer
a 7 a.m de hoy: | CONDICIONES ACTUALES DEL TIEMPO
Estación Automática de El Bosque, Río Tirimbina, La Virgen de Sarapiquí, Her",6.1
9/30/2026 20:14,Zona Norte,http://www.imn.ac.cr/especial/estacionBrasilia.html,"Automática de Finca Brasilia del Oro, Upala, Alajuela",,10.98325,,-85.347222,381,26,ROI_Lluvia_Estandar,,,,,,,,,,,,Éxito,9/29/2026,67,"De 7 a.md
a / a.m de
26,0 |",5.62
9/30/2026 20:14,Zona Norte,http://www.imn.ac.cr/especial/estacionHidroelectrica.html,"Automática Hidroeléctrica El General, Horquetas de Sarapiquí, Heredia",,10.203639,,-83.933167,483,90.2,ROI_Lluvia_Estandar,,,,,,,,,,,,Éxito,9/29/2026,68,"De 7 a.md
a 7 a.m de
90,2",5.62
9/30/2026 20:14,Zona Norte,http://www.imn.ac.cr/especial/estacionHorquetas.html,"Automática de Horquetas de Sarapiquí, Heredia",,10.309361,,-83.946278,121,21.6,ROI_Full_Panel,,,,,,,,,,,,Éxito,9/29/2026,69,"er
E | De 7 a.m de ayer
a 7 a.m de hoy: | CONDICIONES ACTUALES DEL TIEMPO
Estación Automática de Horquetas de Sarapiquí, Heredia
- Esta página se auto",10.07
9/30/2026 20:14,Zona Norte,http://www.imn.ac.cr/especial/estacionPozoazul.html,"Automática de Hotel Pozo Azul, Sarapiquí, Heredia",,10.385806,,-84.139556,208,20.2,ROI_Full_Panel,,,,,,,,,,,,Éxito,9/29/2026,70,"er
E | De 7 a.m de ayer
a 7 a.m de hoy: | CONDICIONES ACTUALES DEL TIEMPO
Estación Automática de Hotel Pozo Azul, Sarapiquí, Heredia
- Esta página se ",9.68
9/30/2026 20:14,Zona Norte,http://www.imn.ac.cr/especial/estacionVblanca.html,"Automática de Hotel Villa Blanca, San Ramón, Alajuela",,10.202778,,-84.483889,1125,10.4,ROI_Lluvia_Estandar,,,,,,,,,,,,Éxito,9/29/2026,71,"De 7 a.md
a7/amd
10,4",2.81
9/30/2026 20:14,Zona Norte,http://www.imn.ac.cr/especial/estacionStaClara.html,"Automática del TEC, Sede Santa Clara, San Carlos, Alajuela",,10.360611,,-84.513444,167,25.6,ROI_Lluvia_Estandar,,,,,,,,,,,,Éxito,9/29/2026,72,"De 7 a.md
a7amd
25,6 |",7.59
9/30/2026 20:14,Zona Norte,http://www.imn.ac.cr/especial/estacionRebusca.html,"Automática Finca la Rebusca, Puerto Viejo, Heredia",,10.474528,,-84.009111,40,25.4,ROI_Lluvia_Opcional,,,,,,,,,,,,Éxito,9/29/2026,73,"| | — — — — — —

14

16 18 20

25,4",3.22
9/30/2026 20:14,Zona Norte,http://www.imn.ac.cr/especial/estacionDelicias.html,"Automática Las Delicias en San Carlos, Alajuela",,10.444167,,-84.315,140,53.06,ROI_Lluvia_Estandar,,,,,,,,,,,,Éxito,9/29/2026,75,"De 7 a.md
a7/amd
53,06",3.24
9/30/2026 20:14,Zona Norte,http://www.imn.ac.cr/especial/estacionChiles.html,Automática de los Chiles de Alajuela,,11.031611,,-84.711528,40,13,ROI_Lluvia_Estandar,,,,,,,,,,,,Éxito,9/29/2026,76,"De 7a.md
a7a.md
13,0",2.68
9/30/2026 20:14,Zona Norte,http://www.imn.ac.cr/especial/estacionSanGerardo.html,"Automática San Gerardo, La Virgen de Sarapiquí, Heredia",,10.415944,,-84.158083,178,24.18,ROI_Full_Panel,,,,,,,,,,,,Éxito,9/29/2026,77,"er
E | De 7 a.m de ayer
a 7 a.m de hoy: | CONDICIONES ACTUALES DEL TIEMPO
Estación Automática San Gerardo, La Virgen de Sarapiquí, Heredia
- Esta pági",6.43
9/30/2026 20:14,Zona Norte,http://www.imn.ac.cr/especial/estacionSanVicente.html,"Automática de San Vicente, Ciudad Quesada, Alajuela",,10.279722,,-84.394444,1431,16.2,ROI_Full_Panel,,,,,,,,,,,,Éxito,9/29/2026,78,"er
E | De 7 a.m de ayer
a 7 a.m de hoy: | CONDICIONES ACTUALES DEL TIEMPO
Estación Automática de San Vicente, Ciudad Quesada, Alajuela
- Esta página s",9.21
9/30/2026 20:14,Zona Norte,http://www.imn.ac.cr/especial/estacionupala.html,"Automática de Upala, Alajuela",,10.880833,,-85.0725,60,19.4,ROI_Lluvia_Estandar,,,,,,,,,,,,Éxito,9/29/2026,79,"De 7 a.md
a 7 a.m de
19,4",7.29
9/30/2026 20:14,Zona Norte,http://www.imn.ac.cr/especial/estacionTenorio.html,"Automática de Volcán Tenorio, Guatuso, Alajuela",,10.715556,,-84.986944,680,3.6,ROI_Lluvia_Estandar,,,,,,,,,,,,Éxito,9/29/2026,80,"De 7 a.md
a7/amd
3,6",4.24
9/30/2026 20:14,Valle Central,http://www.imn.ac.cr/especial/estacioncoco.html,Automática del Tiempo Aeropuerto Juan Santamaría,,9.989167,,-84.218333,897,20.6,ROI_Lluvia_Estandar,,,,,,,,,,,,Éxito,9/29/2026,81,"De 7 a.md
a7amd
20,6",2.73
9/30/2026 20:14,Valle Central,http://www.imn.ac.cr/especial/estacioncoco25.html,Automática del Aeropuerto Juan Santamaría,,9.995278,,-84.201944,917,20,ROI_Lluvia_Estandar,,,,,,,,,,,,Éxito,9/29/2026,82,"De 7 a.md
a7amd
20,0",2.73
9/30/2026 20:14,Valle Central,http://www.imn.ac.cr/especial/estacionAitbp09.html,Automática del Aeropuerto Tobías Bolaños en Pavas Oeste 09,,9.957306,,-84.147667,997,22,ROI_Lluvia_Estandar,,,,,,,,,,,,Éxito,9/29/2026,83,"De 7 a.md
a7/amd
22,0",2.73
9/30/2026 20:14,Valle Central,http://www.imn.ac.cr/especial/estacionAlfredoVolio.html,Automática de Alfredo Volio en Cartago,,9.908611,,-83.954778,1592,69.4,ROI_Lluvia_Estandar,,,,,,,,,,,,Éxito,9/29/2026,84,"De 7 a.md
a / a.m de
69,4",2.7
9/30/2026 20:14,Valle Central,http://www.imn.ac.cr/especial/estacionBarrancas.html,"Automática de Barrancas, El Guarco, Cartago",,9.838264,,-83.963389,1400,15.9,ROI_Full_Panel,,,,,,,,,,,,Éxito,9/29/2026,85,"er
E | De 7 a.m de ayer
a 7 a.m de hoy: | CONDICIONES ACTUALES DEL TIEMPO
Estación Automática de Barrancas, El Guarco, Cartago
- Esta página se autore",6.35
9/30/2026 20:14,Valle Central,http://www.imn.ac.cr/especial/estacionBelen.html,"Automática de Belén, Heredia",,9.975,,-84.185556,926,13.4,ROI_Lluvia_Estandar,,,,,,,,,,,,Éxito,9/29/2026,86,"De 7 a.md
a7/amd
13,4",5.65
9/30/2026 20:14,Valle Central,https://www.imn.ac.cr/especial/estacionBibliotecaMSJ.html,"Automática de Biblioteca RAAG, Municipalidad de San José",,9.912778,,-84.058056,1200,0,ROI_Lluvia_Estandar,,,,,,,,,,,,Éxito,9/29/2026,87,"De 7 a.md
a7/amd
0,0",4.37
9/30/2026 20:14,Valle Central,http://www.imn.ac.cr/especial/estacionBurio.html,"Automática El Burío, Aserrí, San José",,9.840278,,-84.1125,1811,23,ROI_Lluvia_Estandar,,,,,,,,,,,,Éxito,9/29/2026,88,"De 7 a.md
a7/amd
23,0",2.71
9/30/2026 20:14,Valle Central,http://www.imn.ac.cr/especial/estacionCedral.html,"Automática de Cerro Cedral, Escazú, San José",,9.861417,,-84.145889,2255,5.4,ROI_Lluvia_Estandar,,,,,,,,,,,,Éxito,9/29/2026,89,"De 7 a.md
a7/amd
5,4",2.71
9/30/2026 20:14,Valle Central,http://www.imn.ac.cr/especial/estacionchitaria.html,"Automática de Cerro Chitaria, Santa Ana, San José",,9.891667,,-84.193694,1717,23.6,ROI_Lluvia_Estandar,,,,,,,,,,,,Éxito,9/29/2026,90,"578
23,6",2.7
9/30/2026 20:14,Valle Central,http://www.imn.ac.cr/especial/estacionJuco.html,Automática de Cerro Juco de Orosi en Paraiso de Cartago,,9.775417,,-83.86475,1735,69.4,ROI_Lluvia_Estandar,,,,,,,,,,,,Éxito,9/29/2026,91,"De 7 a.md
a 7 a.m de
69,4",2.7
9/30/2026 20:14,Valle Central,http://www.imn.ac.cr/especial/estacionCigefi.html,"Automática de CIGEFI en Montes de Oca, San José",,9.936389,,-84.045278,1210,62.6,ROI_Lluvia_Estandar,,,,,,,,,,,,Éxito,9/29/2026,92,"De 7 a.md
a7/amd
62,6",2.71
9/30/2026 20:14,Valle Central,https://www.imn.ac.cr/especial/estacionCiudadninos.html,"Automática Ciudad de los Niños, Paraiso, Cartago",,9.834167,,-83.921111,1338,13,ROI_Lluvia_Estandar,,,,,,,,,,,,Éxito,9/29/2026,93,"De 7 a.md
a7/amd
13,0",2.73
9/30/2026 20:14,Valle Central,http://www.imn.ac.cr/especial/estacionJudicial.html,"Automática de Ciudad Judicial, San Joaquín, Heredia",,10.006944,,-84.163889,1023,21.3,ROI_Lluvia_Estandar,,,,,,,,,,,,Éxito,9/29/2026,94,"De 7 amd
a7amd
21,3",2.71
9/30/2026 20:14,Valle Central,http://www.imn.ac.cr/especial/estacionMuniStaAna.html,"Automática Centro Recuperacion Residuos Valorizables, Municipalidad de Santa Ana, San José",,9.945403,,-84.217172,830,11.8,ROI_Lluvia_Estandar,,,,,,,,,,,,Éxito,9/29/2026,95,"De 7 amd
a7amd
11,8",2.71
9/30/2026 20:14,Valle Central,https://www.imn.ac.cr/especial/estacionLindaVistadn.html,"Automática Linda Vista, Dulce Nombre, Cartago",,9.838553,,-83.908275,1380,10.6,ROI_Full_Panel,,,,,,,,,,,,Éxito,9/29/2026,96,"er
E | De 7 a.m de ayer
a 7 a.m de hoy: | CONDICIONES ACTUALES DEL TIEMPO
Estación Automática Linda Vista, Dulce Nombre, Cartago
- Esta página se auto",6.05
9/30/2026 20:14,Valle Central,http://www.imn.ac.cr/especial/estacionFABIO.html,Automática Fabio Baudrit,,10.005,,-84.265556,840,12,ROI_Lluvia_Estandar,,,,,,,,,,,,Éxito,9/29/2026,97,"De 7 a.md
a7/amd
12,0",4.9
9/30/2026 20:14,Valle Central,https://www.imn.ac.cr/especial/estacionLoslotes.html,"Automática de Finca Los Lotes, Unión, Cartago",,9.936208,,-83.972425,1579,14.6,ROI_Full_Panel,,,,,,,,,,,,Éxito,9/29/2026,98,"er
E | De 7 a.m de ayer
a 7 a.m de hoy: | CONDICIONES ACTUALES DEL TIEMPO
Estación Automática de Finca Los Lotes, Unión, Cartago
- Esta página se auto",8.33
9/30/2026 20:14,Valle Central,http://www.imn.ac.cr/especial/estacionMacaya.html,"Automática de Finca los Macayas, Goicoechea, San José",,9.968611,,-83.971278,1685,13.4,ROI_Full_Panel,,,,,,,,,,,,Éxito,9/29/2026,99,"er
E | De 7 a.m de ayer
a 7 a.m de hoy: | CONDICIONES ACTUALES DEL TIEMPO
Estación Automática de Finca los Macayas, Goicoechea, San José
- Esta página",8.76
9/30/2026 20:14,Valle Central,http://www.imn.ac.cr/especial/estacion.html,Automática en el IMN en San José,,9.937944,,-84.069722,1172,34.6,ROI_Lluvia_Estandar,,,,,,,,,,,,Éxito,9/29/2026,100,"De 7 a.md
a7amd
34,6",4.31
9/30/2026 20:14,Valle Central,http://www.imn.ac.cr/especial/estacionCartago.html,"Automática del Instituto Tecnológico de Costa Rica, Cartago",,9.852222,,-83.908611,1360,14.8,ROI_Lluvia_Estandar,,,,,,,,,,,,Éxito,9/29/2026,101,"De 7 a.md
a7amd
14,8",5.35
9/30/2026 20:14,Valle Central,http://www.imn.ac.cr/especial/estacionIztaru.html,Automática de Iztarú Tres Rios Cartago,,9.889528,,-83.968944,1680,70.4,ROI_Lluvia_Estandar,,,,,,,,,,,,Éxito,9/29/2026,102,"De 7 a.md
a7amd
70,4",4.5
9/30/2026 20:14,Valle Central,http://www.imn.ac.cr/especial/estacionJaboncillal.html,"Automática de Jaboncillal, Goichoechea, San José",,9.955833,,-83.981111,1643,14.2,ROI_Full_Panel,,,,,,,,,,,,Éxito,9/29/2026,103,"er
E | De 7 a.m de ayer
a 7 a.m de hoy: | CONDICIONES ACTUALES DEL TIEMPO
Estación Automática de Jaboncillal, Goichoechea, San José
- Esta página se a",5.96
9/30/2026 20:14,Valle Central,http://www.imn.ac.cr/especial/estacionFraijanes.html,"Automática de Laguna Fraijanes, Alajuela, Alajuela",,10.137222,,-84.193333,1740,31.8,ROI_Lluvia_Estandar,,,,,,,,,,,,Éxito,9/29/2026,104,"De 7 a.md
a7amd
31,8",5.48
9/30/2026 20:14,Valle Central,http://www.imn.ac.cr/especial/estacionLlanogrande.html,Automática de Llano Grande de Cartago,,9.945444,,-83.921722,2220,94,ROI_Lluvia_Estandar,,,,,,,,,,,,Éxito,9/29/2026,105,"De 7 a.md
a 7 a.m de
94,0",5.46
9/30/2026 20:14,Valle Central,https://www.imn.ac.cr/especial/estacionPoas.html,"Automática del en el Volcán Poás, Alajuela",,10.189167,,-84.231667,2598,1.2,ROI_Lluvia_Estandar,,,,,,,,,,,,Éxito,9/29/2026,106,"De 7 a.md
a7amd
1,2",2.72
9/30/2026 20:14,Valle Central,http://www.imn.ac.cr/especial/estacionPacayas.html,"Automática de Pacayas, Alvarado, Cartago",,9.915333,,-83.804806,1712,20.2,ROI_Lluvia_Estandar,,,,,,,,,,,,Éxito,9/29/2026,107,"De 7 a.md
a7amd
20,2",2.71
9/30/2026 20:14,Valle Central,http://www.imn.ac.cr/especial/estacionPatio.html,"Automática de Patio de Agua, Vásquez de Coronado San José",,9.976944,,-83.97,1690,13.9,ROI_Full_Panel,,,,,,,,,,,,Éxito,9/29/2026,108,"er
E | De 7 a.m de ayer
a 7 a.m de hoy: | CONDICIONES ACTUALES DEL TIEMPO
Estación Automática de Patio de Agua, Vásquez de Coronado San José
- Esta pá",6.13
9/30/2026 20:14,Valle Central,https://www.imn.ac.cr/especial/estacionPlantelMSJ.html,"Automática Plantel, Municipalidad de San José, San José",,9.930278,,-84.093333,1137,,No_Detectado,,,,,,,,,,,,Sin_Dato_Lluvia,9/29/2026,109,"er
p: | De 7 a.m de ayer
a 7 a.m de hoy: | CONDICIONES ACTUALES DEL TIEMPO
Estación Automática Plantel, Municipalidad de San José, San José
- Esta pág",8.04
9/30/2026 20:14,Valle Central,http://www.imn.ac.cr/especial/estacionGarita.html,"Automática de RECOPE La Garita, Alajuela",,10.005278,,-84.295833,740,9.4,ROI_Lluvia_Estandar,,,,,,,,,,,,Éxito,9/29/2026,110,"De 7 a.md
a7/amd
9,4",4.48
9/30/2026 20:14,Valle Central,https://www.imn.ac.cr/especial/estacionOchomogo.html,"Automática de Recope, Ochomogo, Cartago",,9.894444,,-83.938725,1546,55,ROI_Lluvia_Estandar,,,,,,,,,,,,Éxito,9/29/2026,111,"De 7 a.md
a7amd
55,0",5.3
9/30/2026 20:14,Valle Central,https://www.imn.ac.cr/especial/estacionMuniStaAnaParaiso.html,"Automática Residencial Paraíso, Municipalidad de Santa Ana, San José",,9.927944,,-84.20675,932,19.6,ROI_Full_Panel,,,,,,,,,,,,Éxito,9/29/2026,112,"er
E | De 7 a.m de ayer
a 7 a.m de hoy: | CONDICIONES ACTUALES DEL TIEMPO
Estación Automática Residencial Paraíso, Municipalidad de Santa Ana, San Jos",7.97
9/30/2026 20:14,Valle Central,http://www.imn.ac.cr/especial/estacionSTB.html,Automática de Santa Bárbara de Heredia,,10.033333,,-84.165833,1070,12,ROI_Lluvia_Estandar,,,,,,,,,,,,Éxito,9/29/2026,113,"De 7 a.md
a7amd
12,0 1",5.65
9/30/2026 20:14,Valle Central,http://www.imn.ac.cr/especial/estacionsantalucia.html,"Automática de Santa Lucía, UNA Heredia",,10.023,,-84.11175,1257,12.4,ROI_Lluvia_Estandar,,,,,,,,,,,,Éxito,9/29/2026,114,"De 7 a.md
a7amd
12,4",4.58
9/30/2026 20:14,Valle Central,http://www.imn.ac.cr/especial/estacionPotrero.html,"Automática de Potrero Cerrado, Sartalillo de Cartago",,9.902222,,-83.885833,1943,45.8,ROI_Lluvia_Estandar,,,,,,,,,,,,Éxito,9/29/2026,115,"De 7 a.md
a / a.m de
45,8",2.58
9/30/2026 20:14,Valle Central,http://www.imn.ac.cr/especial/estacionUPaz.html,"Automática Universidad de la Paz, Mora, San José",,9.920278,,-84.272778,818,34.2,ROI_Lluvia_Estandar,,,,,,,,,,,,Éxito,9/29/2026,116,"De 7 a.m
a7amd
34,2",2.72
9/30/2026 20:14,Valle Central,http://www.imn.ac.cr/especial/estacionUTN.html,"Automática de UTN, Atenas, Alajuela",,9.935556,,-84.379806,437,0.2,ROI_Lluvia_Estandar,,,,,,,,,,,,Éxito,9/29/2026,117,"De 7 a.md
a7/amd
0,2",2.72
9/30/2026 20:14,Valle Central,http://www.imn.ac.cr/especial/estacionVirazu.html,"Automática del Volcán Irazú, Alvarado, Cartago",,9.98,,-83.837806,3331,60.4,ROI_Lluvia_Estandar,,,,,,,,,,,,Éxito,9/29/2026,118,"De 7 a.m d
a 7 a.m de
60,4",2.55
9/30/2026 20:14,Caribe Norte,http://www.imn.ac.cr/especial/estacionCantagallo.html,"Automática de Canta Gallo, Cariari, Limón",,10.496944,,-83.671306,31,0,ROI_Lluvia_Estandar,,,,,,,,,,,,Éxito,9/29/2026,119,"De 7 a.md
a7/amd
0,0",2.71
9/30/2026 20:14,Caribe Norte,http://www.imn.ac.cr/especial/estacionRoxana.html,"Automática de Caramba Farms, Roxana, Pococí",,10.268611,,-83.746389,113,21.9,ROI_Full_Panel,,,,,,,,,,,,Éxito,9/29/2026,120,"er
E | De 7 a.m de ayer
a 7 a.m de hoy: | CONDICIONES ACTUALES DEL TIEMPO
Estación Automática de Caramba Farms, Roxana, Pococí
- Esta página se autore",6.27
9/30/2026 20:14,Caribe Norte,http://www.imn.ac.cr/especial/estacionearth.html,Automática de La Earth,,10.212778,,-83.76125,10,17.2,ROI_Lluvia_Estandar,,,,,,,,,,,,Éxito,9/29/2026,121,"De 7 a.md
a 7 a.m de
17,2",5.74
9/30/2026 20:14,Caribe Norte,https://www.imn.ac.cr/especial/estacionFrutadePan.html,"Automática de Fruta de Pan, Guápiles, Limón",,10.197603,,-83.857508,294,21.3,ROI_Full_Panel,,,,,,,,,,,,Éxito,9/29/2026,122,"er
E | De 7 a.m de ayer
a 7 a.m de hoy: | CONDICIONES ACTUALES DEL TIEMPO
Estación Automática de Fruta de Pan, Guápiles, Limón
- Esta página se autore",7.83
9/30/2026 20:14,Caribe Norte,https://www.imn.ac.cr/especial/estacionGuapiles.html,"Automática Finca Diamantes, Guápiles, Limón",,10.211722,,-83.771972,262,85.8,ROI_Lluvia_Estandar,,,,,,,,,,,,Éxito,9/29/2026,123,"De 7 a.md
a7/amd
85,8",5.28
9/30/2026 20:14,Caribe Norte,http://www.imn.ac.cr/especial/estacionRainforest.html,"Automática Rain Forest, Braulio Carrillo, Guápiles, Pococí, Limón",,10.175944,,-83.917917,516,20,ROI_Full_Panel,,,,,,,,,,,,Éxito,9/29/2026,124,"er
p: | De 7 a.m de ayer
a 7 a.m de hoy: | CONDICIONES ACTUALES DEL TIEMPO
Estación Automática Rain Forest, Braulio Carrillo, Guápiles, Pococí, Limón
",7.52
9/30/2026 20:14,Caribe Sur,https://www.imn.ac.cr/especial/estacionlimon.html,Automática del Aeropuerto de Limón,,9.961944,,-83.025278,5,0.6,ROI_Lluvia_Estandar,,,,,,,,,,,,Éxito,9/29/2026,125,"De 7 a.md
a 7 a.m de
0,6 mM",5.18
9/30/2026 20:14,Caribe Sur,http://www.imn.ac.cr/especial/estacionCatie.html,"Automática de CATIE, Turrialba, Cartago",,9.891389,,-83.653056,610,16.2,ROI_Lluvia_Estandar,,,,,,,,,,,,Éxito,9/29/2026,126,"De 7 amd
a7amd
16,2",4.17
9/30/2026 20:14,Caribe Sur,http://www.imn.ac.cr/especial/estacionCTPlasuiza.html,"Automática CTP La Suiza, Turrialba, Cartago",,9.852067,,-83.617053,616,19.8,ROI_Full_Panel,,,,,,,,,,,,Éxito,9/29/2026,127,"er
E | De 7 a.m de ayer
a 7 a.m de hoy: | CONDICIONES ACTUALES DEL TIEMPO
Estación Automática CTP La Suiza, Turrialba, Cartago
- Esta página se autore",5.97
9/30/2026 20:14,Caribe Sur,http://www.imn.ac.cr/especial/estacionGavilanCanta.html,"Automática Gavilán Canta, Bratsi, Talamanca, Limón",,9.594806,,-83.026056,124,0.8,ROI_Lluvia_Estandar,,,,,,,,,,,,Éxito,9/29/2026,128,"De 7 a.md
a 7 a.m de
0,8 m",5.63
9/30/2026 20:14,Caribe Sur,http://www.imn.ac.cr/especial/estacionHitoy.html,"Automática de Hitoy Cerere, Limón",,9.673083,,-83.024556,170,22.8,ROI_Full_Panel,,,,,,,,,,,,Éxito,9/29/2026,129,"er
E | De 7 a.m de ayer
a 7 a.m de hoy: | CONDICIONES ACTUALES DEL TIEMPO
Estación Automática de Hitoy Cerere, Limón
- Esta página se autorefresca cad",9.36
9/30/2026 20:14,Caribe Sur,http://www.imn.ac.cr/especial/estacionManzanillo.html,"Automática de Manzanillo, Talamanca, Limón",,9.6315,,-82.661028,16,0,ROI_Lluvia_Opcional,,,,,,,,,,,,Éxito,9/29/2026,130,"De 7 a.md
a 7 a.m de | 4 De 7 a.r

ai ¡ a 7 a.m

—— 20 0,0
0",5.78
9/30/2026 20:14,Caribe Sur,https://www.imn.ac.cr/especial/estacionJuanVinas.html,"Automática Juan Viñas, Jiménez, Cartago; CONDICIONES ACTUALES DEL TIEMPO Estación Automática dei Juan Viñas, Jiménez, Cartago",,9.896111,,-83.748167,1181,21.6,ROI_Lluvia_Opcional,,,,,,,,,,,,Éxito,9/29/2026,131,"O
De 7 a.m de
a 7 a.m det | e De 7a.r
. a/a
A [E
14 16 18 20 21,6
O",5.2
9/30/2026 20:14,Caribe Sur,https://www.imn.ac.cr/especial/estacionMariaLuisa.html,"Automática Maria Luisa, Río Banano, Limón",,9.894194,,-83.107111,84,0,ROI_Lluvia_Estandar,,,,,,,,,,,,Éxito,9/29/2026,132,"De 7 a.md
a 7 a.m de
0,0 m",2.55
9/30/2026 20:14,Caribe Sur,http://www.imn.ac.cr/especial/estacionMGuayabo.html,Automática de Monumento Nacional Guayabo en Turrialba de Cartago,,9.969444,,-83.689167,1105,10.4,ROI_Lluvia_Estandar,,,,,,,,,,,,Éxito,9/29/2026,133,"De 7 a.md
a 7 a.m de
10,4",2.9
9/30/2026 20:14,Caribe Sur,http://www.imn.ac.cr/especial/estacionPtovargas.html,"Automática de Puerto Vargas Talamanca, Limón",,9.731667,,-82.815,10,23.6,ROI_Full_Panel,,,,,,,,,,,,Éxito,9/29/2026,134,"er
E | De 7 a.m de ayer
a 7 a.m de hoy: | CONDICIONES ACTUALES DEL TIEMPO
Estación Automática de Puerto Vargas Talamanca, Limón
- Esta página se autor",6.1
9/30/2026 20:14,Caribe Sur,http://www.imn.ac.cr/especial/estacionSitiomata.html,"Automática de Sitio Matas, Turrialba, Cartago",,9.879167,,-83.625833,848,11,ROI_Lluvia_Estandar,,,,,,,,,,,,Éxito,9/29/2026,135,"De 7 amd
a7amd
11,0",5.24
9/30/2026 20:14,Caribe Sur,http://www.imn.ac.cr/especial/estacionSixaola.html,"Automática de Sixaola, Talamanca, Limón",,9.5275,,-82.633611,99,0.2,ROI_Lluvia_Estandar,,,,,,,,,,,,Éxito,9/29/2026,136,"De 7 a.md
a7/amd
0,2",3.92
9/30/2026 20:14,Caribe Sur,http://www.imn.ac.cr/especial/estacionturri.html,"Automática de Turrialba, Cartago",,9.91,,-83.678889,630,0,ROI_Lluvia_Estandar,,,,,,,,,,,,Éxito,9/29/2026,137,"De 7 a.md
a7/amd
0,0",2.73
9/30/2026 20:14,Caribe Sur,http://www.imn.ac.cr/especial/estacionVturri.html,"Automática en el Volcán Turrialba, Turrialba de Cartago",,10.019167,,-83.756389,3343,41,ROI_Lluvia_Estandar,,,,,,,,,,,,Éxito,9/29/2026,138,"De 7 a.md
a 7 a.m de
41,0",2.7
